"Student.ID","Term.Code","Term.UG.MU.Earned.CrHr","Term.UG.Overall.Earned.CrHr.(MU.and.Non-MU)","Cum.UG.Overall.Earned.CrHr.(MU.and.Non-MU)"
"8098858","202410",16,16,16
"8098858","202420",15,15,31
"8108061","202410",15,39,39
"8108061","202420",14,14,53
"8108061","202510",NA,NA,53
"8109444","202410",15,53,53
"8109444","202420",17,17,70
"8109444","202510",NA,NA,70
"8110017","202410",16,16,16
"8110017","202420",14,14,30
"8110017","202510",NA,NA,30
"8113940","202410",14,27,27
"8113940","202420",17,17,44
"8113940","202510",NA,NA,44
"8115814","202410",17,17,17
"8115814","202420",15,15,32
"8115814","202510",NA,NA,32
"8118995","202410",15,40,40
"8118995","202420",16,16,56
"8118995","202510",NA,NA,56
"8118995","202520",NA,NA,56
"8119866","202410",15,38,38
"8119866","202420",15,15,53
"8119866","202510",NA,NA,53
"8125309","202230",3,3,3
"8125309","202410",15,36,39
"8125309","202420",14,14,53
"8125309","202510",NA,NA,53
"8125309","202520",NA,NA,53
"8132821","202310",15,39,39
"8132821","202320",15,15,54
"8132821","202410",15,15,69
"8136759","202310",17,36,36
"8136759","202320",19,19,55
"8136759","202410",15,15,70
"8136759","202420",15,15,85
"8136759","202510",NA,NA,85
"8136759","202515",NA,NA,85
"8136759","202520",NA,NA,85
"8144976","202310",15,32,32
"8144976","202320",16,16,48
"8144976","202410",15,15,63
"8144976","202420",15,15,78
"8144976","202510",NA,NA,78
"8144976","202520",NA,NA,78
"8147231","202310",16,53,53
"8147231","202320",15,15,68
"8147231","202410",15,15,83
"8147231","202420",15,15,98
"8147231","202510",NA,NA,98
"8149309","202310",16,25,25
"8149309","202320",16,16,41
"8149309","202410",13,13,54
"8149309","202420",15,15,69
"8149309","202510",NA,NA,69
"8151695","202310",15,42,42
"8151695","202320",13,13,55
"8151695","202330",3,3,58
"8151695","202410",15,15,73
"8151695","202420",17,17,90
"8151695","202510",NA,NA,90
"8151695","202515",NA,NA,90
"8152749","202310",16,16,16
"8152749","202320",15,15,31
"8152749","202410",15,15,46
"8152749","202420",14,14,60
"8152749","202510",2,2,62
"8160693","202310",15,24,24
"8160693","202320",14,14,38
"8160693","202410",13,13,51
"8160693","202420",15,15,66
"8160693","202510",NA,NA,66
"8166210","202310",16,29,29
"8166210","202320",16,16,45
"8166210","202330",6,6,51
"8166210","202410",16,16,67
"8166210","202415",3,3,70
"8166210","202420",15,15,85
"8166210","202510",NA,NA,85
"8183049","202210",15,64,64
"8183049","202220",15,15,79
"8183049","202310",15,15,94
"8183049","202330",9,9,103
"8183049","202410",15,15,118
"8183049","202420",16,16,134
"8183049","202510",NA,NA,134
"8183142","202210",10,20,20
"8183142","202220",17,17,37
"8183142","202230",3,3,40
"8183142","202310",15,15,55
"8183142","202320",14,14,69
"8183142","202410",15,15,84
"8183142","202420",15,15,99
"8183142","202430",6,6,105
"8183142","202510",NA,NA,105
"8185339","202210",18,44,44
"8185339","202220",19,19,63
"8185339","202310",18,18,81
"8185339","202320",15,15,96
"8185339","202330",6,6,102
"8185339","202410",15,15,117
"8185339","202420",18,18,135
"8185339","202510",NA,NA,135
"8188789","202210",12,27,27
"8188789","202220",15,15,42
"8188789","202310",12,12,54
"8188789","202315",3,3,57
"8188789","202320",12,12,69
"8188789","202410",12,17,86
"8188789","202415",3,3,89
"8188789","202420",10,10,99
"8188789","202510",NA,NA,99
"8189765","202210",12,36,36
"8189765","202220",16,16,52
"8189765","202310",15,15,67
"8189765","202320",12,12,79
"8189765","202410",15,15,94
"8189765","202420",12,12,106
"8189765","202510",NA,NA,106
"8190053","202310",16,70,70
"8190053","202315",3,3,73
"8190053","202320",13,13,86
"8190053","202410",12,12,98
"8190053","202415",6,6,104
"8190053","202420",12,12,116
"8190053","202430",6,6,122
"8190053","202510",NA,NA,122
"8190053","202515",NA,NA,122
"8190645","202210",16,27,27
"8190645","202220",17,17,44
"8190645","202310",16,16,60
"8190645","202320",15,15,75
"8190645","202410",16,16,91
"8190645","202420",16,16,107
"8190645","202510",NA,NA,107
"8190732","202210",19,51,51
"8190732","202220",17,17,68
"8190732","202310",12,12,80
"8190732","202320",15,15,95
"8190732","202410",15,15,110
"8190732","202420",14,14,124
"8190732","202510",NA,NA,124
"8190732","202515",NA,NA,124
"8193517","202210",15,49,49
"8193517","202220",15,15,64
"8193517","202310",19,19,83
"8193517","202320",20,20,103
"8193517","202410",20,20,123
"8193517","202420",18,18,141
"8193517","202510",NA,NA,141
"8194067","202210",15,24,24
"8194067","202220",15,15,39
"8194067","202310",15,15,54
"8194067","202320",12,12,66
"8194067","202330",3,3,69
"8194067","202410",0,15,84
"8194067","202420",18,18,102
"8194067","202510",NA,NA,102
"8194253","202210",17,62,62
"8194253","202215",4,4,66
"8194253","202220",18,18,84
"8194253","202310",18,18,102
"8194253","202315",3,3,105
"8194253","202320",NA,NA,105
"8194253","202410",19,19,124
"8194253","202420",15,15,139
"8194253","202510",NA,NA,139
"8194429","202210",15,24,24
"8194429","202220",14,14,38
"8194429","202310",15,15,53
"8194429","202320",16,16,69
"8194429","202410",17,17,86
"8194429","202420",15,15,101
"8194429","202510",NA,NA,101
"8196411","202210",15,37,37
"8196411","202215",3,3,40
"8196411","202220",12,12,52
"8196411","202310",15,15,67
"8196411","202315",3,3,70
"8196411","202320",15,15,85
"8196411","202410",0,16,101
"8196411","202420",12,12,113
"8196411","202510",NA,NA,113
"8197248","202210",12,32,32
"8197248","202220",13,13,45
"8197248","202310",12,12,57
"8197248","202320",15,15,72
"8197248","202410",12,12,84
"8197248","202420",0,15,99
"8197248","202510",NA,NA,99
"8197334","202210",16,40,40
"8197334","202220",15,15,55
"8197334","202310",17,17,72
"8197334","202320",15,15,87
"8197334","202410",16,16,103
"8197334","202420",15,15,118
"8197334","202510",NA,NA,118
"8197334","202515",NA,NA,118
"8198622","202210",15,57,57
"8198622","202220",15,15,72
"8198622","202310",15,15,87
"8198622","202320",16,16,103
"8198622","202410",15,15,118
"8198622","202420",15,15,133
"8198622","202430",0,0,133
"8198622","202510",0,0,133
"8200937","202210",12,12,12
"8200937","202220",16,16,28
"8200937","202310",16,16,44
"8200937","202320",15,15,59
"8200937","202410",15,15,74
"8200937","202420",15,15,89
"8200937","202510",NA,NA,89
"8200937","202515",NA,NA,89
"8201100","202210",15,15,15
"8201100","202215",3,3,18
"8201100","202220",15,15,33
"8201100","202310",16,16,49
"8201100","202320",15,15,64
"8201100","202410",18,18,82
"8201100","202415",6,6,88
"8201100","202420",15,15,103
"8201100","202510",NA,NA,103
"8201508","202210",17,29,29
"8201508","202215",3,3,32
"8201508","202220",17,17,49
"8201508","202230",3,3,52
"8201508","202310",15,15,67
"8201508","202315",3,3,70
"8201508","202320",15,15,85
"8201508","202410",15,15,100
"8201508","202415",0,3,103
"8201508","202420",17,17,120
"8201508","202510",NA,NA,120
"8201904","202210",12,59,59
"8201904","202220",7,7,66
"8201904","202310",9,9,75
"8201904","202320",12,12,87
"8201904","202330",3,3,90
"8201904","202410",14,14,104
"8201904","202415",6,6,110
"8201904","202420",15,15,125
"8201904","202510",NA,NA,125
"8201904","202515",NA,NA,125
"8203154","202210",19,69,69
"8203154","202220",19,19,88
"8203154","202230",3,3,91
"8203154","202310",18,18,109
"8203154","202315",3,3,112
"8203154","202320",15,15,127
"8203154","202330",3,3,130
"8203154","202410",17,17,147
"8203154","202415",3,3,150
"8203154","202420",13,13,163
"8203154","202430",3,3,166
"8203154","202510",NA,NA,166
"8203997","202210",15,29,29
"8203997","202220",15,15,44
"8203997","202310",15,15,59
"8203997","202320",16,16,75
"8203997","202410",15,15,90
"8203997","202420",15,15,105
"8203997","202430",3,3,108
"8203997","202510",NA,NA,108
"8204070","202210",16,19,19
"8204070","202220",17,17,36
"8204070","202310",18,18,54
"8204070","202320",0,16,70
"8204070","202410",15,15,85
"8204070","202420",15,15,100
"8204070","202510",NA,NA,100
"8204796","202210",12,12,12
"8204796","202215",6,6,18
"8204796","202220",12,12,30
"8204796","202230",6,6,36
"8204796","202310",17,17,53
"8204796","202315",3,3,56
"8204796","202320",18,18,74
"8204796","202330",5,5,79
"8204796","202410",15,15,94
"8204796","202415",6,6,100
"8204796","202420",16,16,116
"8204796","202430",5,5,121
"8204796","202510",NA,NA,121
"8205621","202210",17,59,59
"8205621","202220",16,16,75
"8205621","202310",15,15,90
"8205621","202320",18,18,108
"8205621","202410",18,18,126
"8205621","202420",18,18,144
"8205621","202510",NA,NA,144
"8205774","202210",17,37,37
"8205774","202220",16,16,53
"8205774","202310",15,15,68
"8205774","202320",15,15,83
"8205774","202410",15,15,98
"8205774","202415",3,3,101
"8205774","202420",17,17,118
"8205774","202510",NA,NA,118
"8206175","202210",12,17,17
"8206175","202215",3,3,20
"8206175","202220",14,14,34
"8206175","202310",14,14,48
"8206175","202320",12,12,60
"8206175","202330",4,4,64
"8206175","202410",15,15,79
"8206175","202420",12,12,91
"8206175","202510",NA,NA,91
"8206175","202515",NA,NA,91
"8206175","202520",NA,NA,91
"8207043","202210",15,15,15
"8207043","202220",16,16,31
"8207043","202310",17,17,48
"8207043","202320",17,17,65
"8207043","202410",17,17,82
"8207043","202420",0,16,98
"8207043","202510",NA,NA,98
"8208211","202210",17,61,61
"8208211","202220",12,12,73
"8208211","202310",15,15,88
"8208211","202320",16,16,104
"8208211","202410",15,15,119
"8208211","202415",6,6,125
"8208211","202420",15,15,140
"8208211","202510",NA,NA,140
"8218558","202210",16,60,60
"8218558","202215",3,3,63
"8218558","202220",16,16,79
"8218558","202230",6,6,85
"8218558","202310",12,12,97
"8218558","202315",3,3,100
"8218558","202320",12,12,112
"8218558","202410",12,12,124
"8218558","202415",3,3,127
"8218558","202420",12,12,139
"8218558","202430",3,3,142
"8218558","202510",0,0,142
"8223835","202110",15,22,22
"8223835","202120",16,16,38
"8223835","202210",15,15,53
"8223835","202220",17,17,70
"8223835","202310",15,15,85
"8223835","202320",16,16,101
"8223835","202410",15,15,116
"8223835","202420",15,15,131
"8225982","202210",13,36,36
"8225982","202215",3,3,39
"8225982","202220",18,18,57
"8226272","202110",15,37,37
"8226272","202120",17,17,54
"8226272","202210",15,15,69
"8226272","202220",16,16,85
"8226272","202310",16,16,101
"8226272","202320",16,16,117
"8226272","202410",16,16,133
"8226272","202420",17,17,150
"8226515","202110",12,12,12
"8226515","202120",12,12,24
"8226515","202210",9,9,33
"8226515","202220",9,9,42
"8226515","202230",3,3,45
"8226515","202310",10,10,55
"8226515","202410",18,18,73
"8226515","202420",17,17,90
"8226515","202430",7,7,97
"8226515","202510",0,0,97
"8226542","202110",17,35,35
"8226542","202120",15,15,50
"8226542","202210",15,15,65
"8226542","202220",16,16,81
"8226542","202310",15,15,96
"8226542","202320",15,15,111
"8226542","202410",12,12,123
"8226542","202420",15,15,138
"8230669","202110",16,16,16
"8230669","202120",15,15,31
"8230669","202210",16,16,47
"8230669","202220",15,15,62
"8230669","202230",14,14,76
"8230669","202310",15,15,91
"8230669","202320",18,18,109
"8230669","202330",6,6,115
"8230669","202410",18,18,133
"8230669","202420",19,19,152
"8230735","202110",12,18,18
"8230735","202120",20,20,38
"8230735","202210",20,20,58
"8230735","202220",16,16,74
"8230735","202310",18,18,92
"8230735","202320",18,18,110
"8230735","202410",18,18,128
"8230735","202420",12,12,140
"8231350","202110",15,15,15
"8231350","202120",16,20,35
"8231350","202210",20,20,55
"8231350","202215",3,3,58
"8231350","202220",15,15,73
"8231350","202230",3,3,76
"8231350","202310",16,16,92
"8231350","202315",6,6,98
"8231350","202320",15,15,113
"8231350","202410",15,15,128
"8231350","202420",16,16,144
"8231569","202110",10,18,18
"8231569","202120",6,12,30
"8231569","202210",12,12,42
"8231569","202220",6,6,48
"8231569","202310",9,9,57
"8231569","202315",3,3,60
"8231569","202320",9,9,69
"8231569","202410",13,16,85
"8231569","202415",6,6,91
"8231569","202420",13,16,107
"8231842","202110",15,18,18
"8231842","202120",15,15,33
"8231842","202210",15,15,48
"8231842","202220",9,9,57
"8231842","202230",3,3,60
"8231842","202310",15,15,75
"8231842","202320",12,12,87
"8231842","202410",15,15,102
"8231842","202415",5,5,107
"8231842","202420",17,17,124
"8232786","202110",12,15,15
"8232786","202120",16,16,31
"8232786","202210",15,15,46
"8232786","202220",15,15,61
"8232786","202310",15,15,76
"8232786","202320",14,14,90
"8232786","202410",14,14,104
"8232786","202420",15,15,119
"8233515","202110",17,17,17
"8233515","202120",15.5,15.5,32.5
"8233515","202210",15,15,47.5
"8233515","202220",15,15,62.5
"8233515","202310",15,15,77.5
"8233515","202320",15,15,92.5
"8233515","202330",3,6,98.5
"8233515","202410",15,15,113.5
"8233515","202420",15,15,128.5
"8233844","202110",15,34,34
"8233844","202120",15,15,49
"8233844","202210",15,15,64
"8233844","202220",18,18,82
"8233844","202310",15,15,97
"8233844","202320",15,15,112
"8233844","202410",16,16,128
"8233844","202420",12,12,140
"8234195","202110",15,24,24
"8234195","202120",15,15,39
"8234195","202210",13,13,52
"8234195","202220",16,16,68
"8234195","202310",15,15,83
"8234195","202320",15,15,98
"8234195","202410",15,15,113
"8234195","202420",16,16,129
"8235359","202110",15,18,18
"8235359","202120",17,17,35
"8235359","202210",15,15,50
"8235359","202220",14,14,64
"8235359","202310",16,16,80
"8235359","202315",6,6,86
"8235359","202320",12,12,98
"8235359","202330",3,3,101
"8235359","202410",12,12,113
"8235359","202420",12,12,125
"8235554","202110",16,16,16
"8235554","202120",14,14,30
"8235554","202210",15,15,45
"8235554","202220",9,9,54
"8235554","202310",17,17,71
"8235554","202320",0,16,87
"8235554","202410",18,21,108
"8235554","202420",16,16,124
"8235697","202110",15,22,22
"8235697","202120",16,16,38
"8235697","202210",15,15,53
"8235697","202220",16,16,69
"8235697","202310",15,15,84
"8235697","202315",3,3,87
"8235697","202320",15,15,102
"8235697","202410",12,12,114
"8235697","202420",12,12,126
"8235926","202110",15,15,15
"8235926","202120",14,14,29
"8235926","202210",15,15,44
"8235926","202220",15,15,59
"8235926","202310",15,15,74
"8235926","202320",15,15,89
"8235926","202410",12,12,101
"8235926","202415",3,3,104
"8235926","202420",15,15,119
"8236079","202110",15,49,49
"8236079","202120",16,16,65
"8236079","202210",16,16,81
"8236079","202220",15,15,96
"8236079","202310",15,15,111
"8236079","202320",16,16,127
"8236079","202410",0,0,127
"8236079","202415",0,0,127
"8236079","202420",0,0,127
"8237411","202110",16,22,22
"8237411","202120",17,17,39
"8237411","202210",12,12,51
"8237411","202220",15,15,66
"8237411","202310",15,15,81
"8237411","202315",6,6,87
"8237411","202320",12,12,99
"8237411","202410",13,13,112
"8237411","202420",13,13,125
"8238330","202110",15,35,35
"8238330","202115",3,3,38
"8238330","202120",16,16,54
"8238330","202210",15,15,69
"8238330","202215",3,3,72
"8238330","202220",15,15,87
"8238330","202230",3,3,90
"8238330","202310",15,15,105
"8238330","202315",6,6,111
"8238330","202320",12,12,123
"8238330","202410",12,12,135
"8238330","202415",3,3,138
"8238330","202420",12,12,150
"8239231","202110",16,38,38
"8239231","202120",15,15,53
"8239231","202210",12,12,65
"8239231","202310",16,16,81
"8239231","202320",15,15,96
"8239231","202410",18,18,114
"8239231","202415",6,6,120
"8239231","202420",15,15,135
"8239643","202110",16,37,37
"8239643","202120",15,15,52
"8239643","202210",15,15,67
"8239643","202220",15,15,82
"8239643","202310",15,15,97
"8239643","202315",6,6,103
"8239643","202320",15,15,118
"8239643","202410",3,3,121
"8239643","202415",0,0,121
"8239643","202420",0,0,121
"8240060","202110",15,39,39
"8240060","202120",16,16,55
"8240060","202210",17,17,72
"8240060","202220",15,15,87
"8240060","202310",15,15,102
"8240060","202320",0,12,114
"8240060","202410",15,15,129
"8240060","202420",12,12,141
"8240157","202110",15,38,38
"8240157","202120",16,16,54
"8240157","202210",16,16,70
"8240157","202220",15,15,85
"8240157","202310",15,15,100
"8240157","202315",6,6,106
"8240157","202320",15,15,121
"8240157","202410",14.5,14.5,135.5
"8240157","202420",14,14,149.5
"8242006","202110",17,52,52
"8242006","202120",12,12,64
"8242006","202130",3,3,67
"8242006","202210",15,15,82
"8242006","202220",17,17,99
"8242006","202310",15,15,114
"8242006","202320",15,15,129
"8242006","202410",15,15,144
"8242006","202420",15,15,159
"8242443","202110",17,45,45
"8242443","202120",16,16,61
"8242443","202130",3,3,64
"8242443","202210",17,17,81
"8242443","202220",16,16,97
"8242443","202310",15,15,112
"8242443","202320",12,12,124
"8242443","202410",9,9,133
"8242443","202420",12,12,145
"8243519","202110",12,29,29
"8243519","202120",15,15,44
"8243519","202210",16,16,60
"8243519","202220",15,15,75
"8243519","202310",15,15,90
"8243519","202320",17,17,107
"8243519","202410",17,17,124
"8243519","202415",3,3,127
"8243519","202420",17,17,144
"8243906","202110",15,15,15
"8243906","202120",17,17,32
"8243906","202210",16,16,48
"8243906","202220",15,15,63
"8243906","202310",18,18,81
"8243906","202315",6,6,87
"8243906","202320",15,15,102
"8243906","202410",19,19,121
"8243906","202415",6,6,127
"8243906","202420",15,15,142
"8245801","202110",16,39,39
"8245801","202120",15,15,54
"8245801","202210",15,15,69
"8245801","202215",3,3,72
"8245801","202220",13,16,88
"8245801","202310",15,15,103
"8245801","202320",12,12,115
"8245801","202410",12,12,127
"8246329","202110",16,25,25
"8246329","202115",3,3,28
"8246329","202120",16,16,44
"8246329","202210",15,15,59
"8246329","202220",17,17,76
"8246329","202310",16,16,92
"8246329","202320",15,15,107
"8246329","202410",15,15,122
"8246329","202420",12,12,134
"8246688","202110",15,15,15
"8246688","202120",15,15,30
"8246688","202210",18,18,48
"8246688","202215",3,3,51
"8246688","202220",15,15,66
"8246688","202230",4,4,70
"8246688","202310",15,15,85
"8246688","202315",3,3,88
"8246688","202320",15,15,103
"8246688","202410",17,17,120
"8246688","202415",4,4,124
"8246688","202420",12,12,136
"8246861","202110",17,60,60
"8246861","202120",14,14,74
"8246861","202210",15,15,89
"8246861","202220",16,16,105
"8246861","202310",13,13,118
"8246861","202320",15,15,133
"8246861","202410",15,15,148
"8246861","202420",12,12,160
"8246891","202110",15,32,32
"8246891","202120",15,15,47
"8246891","202210",16,16,63
"8246891","202220",15,15,78
"8246891","202310",12,12,90
"8246891","202315",3,3,93
"8246891","202320",12,12,105
"8246891","202410",15,15,120
"8246891","202420",12,12,132
"8249408","202110",15,37,37
"8249408","202120",18,18,55
"8249408","202210",15,15,70
"8249408","202220",15,15,85
"8249408","202310",18,18,103
"8249408","202320",0,16,119
"8249408","202410",16,16,135
"8249408","202415",3,3,138
"8249408","202420",15,15,153
"8250961","202030",3,3,3
"8250961","202110",16,24,27
"8250961","202120",14,14,41
"8250961","202210",15,15,56
"8250961","202220",16,16,72
"8250961","202310",15,15,87
"8250961","202320",15,15,102
"8250961","202410",15,15,117
"8250961","202420",12,12,129
"8251247","202110",15,70,70
"8251247","202120",15,15,85
"8251247","202210",17,17,102
"8251247","202220",15,15,117
"8251247","202230",6,6,123
"8251247","202310",17,17,140
"8251247","202315",3,3,143
"8251247","202320",15,15,158
"8251247","202410",14,14,172
"8251247","202415",3,3,175
"8251247","202420",14,14,189
"8260919","202110",16,36,36
"8260919","202120",16,16,52
"8260919","202130",3,3,55
"8260919","202210",15,15,70
"8260919","202220",15,15,85
"8260919","202230",9,9,94
"8260919","202310",15,15,109
"8260919","202320",15,15,124
"8260919","202410",16,16,140
"8260919","202420",15,15,155
"8262583","202020",3,3,3
"8262583","202110",3,3,6
"8262583","202120",3,3,9
"8262583","202210",14,27,36
"8262583","202215",3,3,39
"8262583","202220",12,17,56
"8262583","202310",15,15,71
"8262583","202315",6,6,77
"8262583","202320",15,15,92
"8262583","202410",16.5,16.5,108.5
"8262583","202420",18,18,126.5
"8262583","202510",NA,NA,126.5
"8265341","202010",16,25,25
"8265341","202020",14,14,39
"8265341","202110",16,16,55
"8265341","202120",15,15,70
"8265341","202210",15,15,85
"8265341","202215",3,3,88
"8265341","202220",12,12,100
"8265341","202230",3,3,103
"8265341","202310",15,15,118
"8265341","202320",15,15,133
"8269664","202010",12,12,12
"8269664","202020",17,17,29
"8269664","202110",19,25,54
"8269664","202120",15,15,69
"8269664","202210",16.5,16.5,85.5
"8269664","202220",18,18,103.5
"8269664","202310",15,15,118.5
"8269664","202320",12,12,130.5
"8270244","202010",17,22,22
"8270244","202020",17,17,39
"8270244","202110",14.5,14.5,53.5
"8270244","202120",18,18,71.5
"8270244","202210",15,15,86.5
"8270244","202215",3,3,89.5
"8270244","202220",12,12,101.5
"8270244","202310",12,12,113.5
"8270244","202320",6,6,119.5
"8270285","202010",16,16,16
"8270285","202020",15,15,31
"8270285","202110",15,15,46
"8270285","202120",15,15,61
"8270285","202210",15,15,76
"8270285","202220",15,15,91
"8270285","202310",15,15,106
"8270285","202315",6,6,112
"8270285","202320",12,12,124
"8271899","202010",16,22,22
"8271899","202020",14,14,36
"8271899","202110",16,16,52
"8271899","202120",15,15,67
"8271899","202130",3,3,70
"8271899","202210",15,15,85
"8271899","202215",6,6,91
"8271899","202220",15,15,106
"8271899","202230",3,3,109
"8271899","202310",15,15,124
"8271899","202320",12,12,136
"8272073","202010",16,16,16
"8272073","202020",18,18,34
"8272073","202110",19,19,53
"8272073","202120",18,18,71
"8272073","202210",18,18,89
"8272073","202220",20,20,109
"8272073","202230",0,3,112
"8272073","202310",21,21,133
"8272073","202320",12,12,145
"8272715","202010",13,13,13
"8272715","202120",18,18,31
"8272715","202210",14,14,45
"8272715","202220",9,9,54
"8272715","202310",14,14,68
"8272715","202315",3,3,71
"8272715","202320",12,15,86
"8272715","202330",3,8,94
"8272715","202410",0,12,106
"8272715","202420",18,18,124
"8273135","202010",8,27,27
"8273135","202020",14,14,41
"8273135","202030",5,5,46
"8273135","202110",15,15,61
"8273135","202120",15,15,76
"8273135","202210",15,15,91
"8273135","202220",12,12,103
"8273135","202310",15,15,118
"8273135","202315",0,0,118
"8273135","202320",12,12,130
"8273135","202330",3,3,133
"8275281","202010",17,25,25
"8275281","202020",16,16,41
"8275281","202110",16,16,57
"8275281","202120",15,15,72
"8275281","202210",15,15,87
"8275281","202220",16,16,103
"8275281","202310",15,15,118
"8275281","202320",12,12,130
"8275768","201930",6,6,6
"8275768","202010",15,21,27
"8275768","202020",13,13,40
"8275768","202110",13,13,53
"8275768","202120",15,15,68
"8275768","202210",12,12,80
"8275768","202220",15,15,95
"8275768","202310",12,12,107
"8275768","202320",12,12,119
"8275768","202410",0,0,119
"8275768","202415",0,0,119
"8275768","202420",0,0,119
"8275990","202010",15,15,15
"8275990","202015",3,3,18
"8275990","202020",15,15,33
"8275990","202110",14,14,47
"8275990","202120",15,15,62
"8275990","202210",15,15,77
"8275990","202215",6,6,83
"8275990","202220",12,12,95
"8275990","202230",3,3,98
"8275990","202310",15,15,113
"8275990","202320",18,18,131
"8278406","202010",15,30,30
"8278406","202020",15,15,45
"8278406","202030",3,3,48
"8278406","202110",15,15,63
"8278406","202120",15,15,78
"8278406","202210",15,15,93
"8278406","202220",15,15,108
"8278406","202310",15,15,123
"8278406","202320",12,12,135
"8278735","202010",17,17,17
"8278735","202020",14,14,31
"8278735","202030",0,18,NA
"8278735","202110",18,18,67
"8278735","202120",18,18,85
"8278735","202210",20,20,105
"8278735","202220",21,21,126
"8278735","202230",0,0,126
"8278735","202310",14,14,140
"8279029","202010",17,32,32
"8279029","202020",11,11,43
"8279029","202110",15,15,58
"8279029","202120",12,12,70
"8279029","202210",14,14,84
"8279029","202220",15,15,99
"8279029","202310",13,13,112
"8279029","202315",3,3,115
"8279029","202320",15,15,130
"8279045","202010",16,48,48
"8279045","202020",17,17,65
"8279045","202110",15,15,80
"8279045","202120",12,12,92
"8279045","202210",15,15,107
"8279045","202220",15,15,122
"8279045","202310",12,12,134
"8279045","202320",12,12,146
"8279077","202010",15,39,39
"8279077","202020",12,12,51
"8279077","202110",16,16,67
"8279077","202115",3,3,70
"8279077","202120",16,16,86
"8279077","202210",15,15,101
"8279077","202220",15,15,116
"8279077","202310",15,15,131
"8279077","202315",6,6,137
"8279077","202320",12,12,149
"8279722","202010",17,22,22
"8279722","202020",17,17,39
"8279722","202110",17,17,56
"8279722","202120",17,17,73
"8279722","202210",15,15,88
"8279722","202220",18,18,106
"8279722","202310",15,15,121
"8279722","202320",13,13,134
"8280089","202010",17,35,35
"8280089","202015",0,0,35
"8280089","202020",15,15,50
"8280089","202110",0,4,NA
"8280089","202120",12,12,66
"8280089","202210",16,16,82
"8280089","202220",12,12,94
"8280089","202310",19,19,113
"8280089","202315",6,6,119
"8280089","202320",12,12,131
"8280089","202410",19,19,150
"8280089","202420",10,10,160
"8280700","202010",15,18,18
"8280700","202015",3,3,21
"8280700","202020",14,14,35
"8280700","202110",16,16,51
"8280700","202115",3,3,54
"8280700","202120",15,15,69
"8280700","202210",15,15,84
"8280700","202215",3,3,87
"8280700","202220",15,15,102
"8280700","202310",17,17,119
"8280700","202315",3,3,122
"8280700","202320",12,12,134
"8281486","202010",20,54,54
"8281486","202020",18,18,72
"8281486","202110",20,20,92
"8281486","202120",17,17,109
"8281486","202210",18,18,127
"8281486","202220",18,18,145
"8281486","202310",18,18,163
"8281486","202320",17,17,180
"8281982","202010",17,23,23
"8281982","202020",15,15,38
"8281982","202110",15,15,53
"8281982","202120",12,12,65
"8281982","202210",16,16,81
"8281982","202220",14,14,95
"8281982","202310",15,18,113
"8281982","202320",13,13,126
"8282676","202010",16,48,48
"8282676","202015",3,3,51
"8282676","202020",14,14,65
"8282676","202110",18,21,86
"8282676","202120",18,18,104
"8282676","202130",6,12,116
"8282676","202210",15,15,131
"8282676","202220",15,15,146
"8282676","202310",12,12,158
"8282676","202320",9,9,167
"8282692","202010",17,17,17
"8282692","202020",15,15,32
"8282692","202030",3,3,35
"8282692","202110",18,18,53
"8282692","202120",15,15,68
"8282692","202210",17,17,85
"8282692","202220",18,18,103
"8282692","202310",15,18,121
"8282692","202320",12,12,133
"8283222","202010",15,18,18
"8283222","202020",18,18,36
"8283222","202110",16,16,52
"8283222","202120",18,18,70
"8283222","202210",15,15,85
"8283222","202215",3,3,88
"8283222","202220",15.5,15.5,103.5
"8283222","202310",17,20,123.5
"8283222","202320",14.5,14.5,138
"8283990","202010",15,29,29
"8283990","202015",3,3,32
"8283990","202020",16,16,48
"8283990","202110",15,15,63
"8283990","202120",15,15,78
"8283990","202210",18,18,96
"8283990","202215",3,3,99
"8283990","202220",15,15,114
"8283990","202310",15,15,129
"8283990","202315",6,6,135
"8283990","202320",15,15,150
"8284203","202010",10,34,34
"8284203","202020",15,15,49
"8284203","202110",14,14,63
"8284203","202120",14,14,77
"8284203","202210",15,15,92
"8284203","202220",16,16,108
"8284203","202310",15,15,123
"8284203","202320",12,12,135
"8285702","202010",16,16,16
"8285702","202020",14,14,30
"8285702","202110",9,9,39
"8285702","202120",15,15,54
"8285702","202210",15,15,69
"8285702","202215",3,3,72
"8285702","202220",15,15,87
"8285702","202310",15,15,102
"8285702","202320",17,17,119
"8285798","202010",15,15,15
"8285798","202020",15,15,30
"8285798","202110",16,16,46
"8285798","202120",15,15,61
"8285798","202210",15,15,76
"8285798","202220",18,18,94
"8285798","202310",15,15,109
"8285798","202320",15,15,124
"8286870","202010",17,44,44
"8286870","202020",15,15,59
"8286870","202110",15,15,74
"8286870","202120",15,15,89
"8286870","202210",15,15,104
"8286870","202215",3,3,107
"8286870","202220",15,15,122
"8286870","202310",0,0,122
"8286870","202315",0,0,122
"8286870","202320",0,0,122
"8287228","202010",15,15,15
"8287228","202020",15,15,30
"8287228","202110",16,16,46
"8287228","202120",15,15,61
"8287228","202130",3,3,64
"8287228","202210",15,15,79
"8287228","202215",6,6,85
"8287228","202220",18,18,103
"8287228","202310",12,12,115
"8287228","202320",12,12,127
"8287451","202010",14,30,30
"8287451","202020",16,16,46
"8287451","202110",15,15,61
"8287451","202120",15,15,76
"8287451","202210",15,15,91
"8287451","202220",12,12,103
"8287451","202310",14,14,117
"8287451","202320",12,12,129
"8288224","202010",15,24,24
"8288224","202020",17,17,41
"8288224","202030",0,0,41
"8288224","202110",15,15,56
"8288224","202120",15,15,71
"8288224","202130",9,9,80
"8288224","202210",14,14,94
"8288224","202220",15,15,109
"8288224","202230",0,3,NA
"8288224","202310",12,12,124
"8288224","202320",12,12,136
"8288743","202010",14,24,24
"8288743","202020",15,15,39
"8288743","202110",15,15,54
"8288743","202120",15,15,69
"8288743","202210",14,14,83
"8288743","202215",3,3,86
"8288743","202220",14,14,100
"8288743","202310",15,15,115
"8288743","202320",12,12,127
"8288840","202010",13,13,13
"8288840","202020",14,14,27
"8288840","202110",16,16,43
"8288840","202120",12,12,55
"8288840","202210",15,15,70
"8288840","202220",15,15,85
"8288840","202310",13,13,98
"8288840","202315",6,6,104
"8288840","202320",18,18,122
"8289212","202010",13,22,22
"8289212","202015",3,3,25
"8289212","202020",15,15,40
"8289212","202110",15,15,55
"8289212","202120",12,12,67
"8289212","202210",13,13,80
"8289212","202220",15,15,95
"8289212","202310",15,15,110
"8289212","202320",12,12,122
"8289532","202010",15,49,49
"8289532","202020",15,15,64
"8289532","202110",15,15,79
"8289532","202120",15,15,94
"8289532","202210",16,16,110
"8289532","202220",0,16,126
"8289532","202310",18,18,144
"8289532","202320",21,21,165
"8289763","202010",13,34,34
"8289763","202015",3,3,37
"8289763","202020",13,13,50
"8289763","202110",15,15,65
"8289763","202120",15,15,80
"8289763","202210",12,12,92
"8289763","202215",3,3,95
"8289763","202220",12,12,107
"8289763","202310",15,15,122
"8289763","202315",6,6,128
"8289763","202320",14,14,142
"8289912","202010",14,57,57
"8289912","202015",3,3,60
"8289912","202020",15,15,75
"8289912","202110",15,15,90
"8289912","202120",15,15,105
"8289912","202210",15,15,120
"8289912","202220",12,12,132
"8290156","202010",16,39,39
"8290156","202020",15,15,54
"8290156","202110",15,15,69
"8290156","202120",12,12,81
"8290156","202210",12,12,93
"8290156","202220",12,12,105
"8290156","202310",12,12,117
"8290156","202320",3,3,120
"8290344","202010",14,38,38
"8290344","202020",12,12,50
"8290344","202110",12,12,62
"8290344","202120",12,12,74
"8290344","202210",12,12,86
"8290344","202220",15,15,101
"8290344","202310",9,9,110
"8290344","202320",14.5,14.5,124.5
"8290581","202010",15,15,15
"8290581","202020",12,12,27
"8290581","202110",12,12,39
"8290581","202120",15,15,54
"8290581","202210",16,16,70
"8290581","202220",15,15,85
"8290581","202310",17,17,102
"8290581","202315",6,6,108
"8290581","202320",18,18,126
"8290744","202010",15,30,30
"8290744","202015",3,3,33
"8290744","202020",13,13,46
"8290744","202110",14,14,60
"8290744","202115",3,3,63
"8290744","202120",12,12,75
"8290744","202130",3,3,78
"8290744","202210",12,12,90
"8290744","202220",16,16,106
"8290744","202310",12,12,118
"8290744","202320",11,11,129
"8291186","202010",15,15,15
"8291186","202020",17,17,32
"8291186","202110",13,13,45
"8291186","202120",15,15,60
"8291186","202210",15,15,75
"8291186","202220",13,13,88
"8291186","202310",14,14,102
"8291186","202320",13,13,115
"8291384","202010",17,64,64
"8291384","202020",16,16,80
"8291384","202110",16,16,96
"8291384","202120",15,15,111
"8291384","202210",15,15,126
"8291384","202215",3,3,129
"8291384","202220",15,15,144
"8291384","202230",1,1,145
"8291384","202310",15,15,160
"8291683","202010",10,10,10
"8291683","202020",14,14,24
"8291683","202110",13,13,37
"8291683","202120",14,14,51
"8291683","202130",3,3,54
"8291683","202210",14,14,68
"8291683","202215",3,3,71
"8291683","202220",16,16,87
"8291683","202310",15,15,102
"8291683","202315",2,2,104
"8291683","202320",15,15,119
"8291791","202010",15,29,29
"8291791","202020",16,16,45
"8291791","202110",12,12,57
"8291791","202120",15,15,72
"8291791","202130",3,3,75
"8291791","202210",15,15,90
"8291791","202220",12,12,102
"8291791","202310",12,12,114
"8291791","202315",3,3,117
"8291791","202320",13,13,130
"8292025","202010",15,32,32
"8292025","202020",14,14,46
"8292025","202110",15,15,61
"8292025","202120",15,15,76
"8292025","202210",15,15,91
"8292025","202220",13,13,104
"8292025","202310",9,9,113
"8292025","202320",9,9,122
"8292025","202410",3,3,125
"8292442","202010",16,22,22
"8292442","202020",14,14,36
"8292442","202110",18,18,54
"8292442","202115",2,2,56
"8292442","202120",17,17,73
"8292442","202210",17,17,90
"8292442","202215",3,3,93
"8292442","202220",16,16,109
"8292442","202310",15,15,124
"8292442","202315",3,3,127
"8292442","202320",13,13,140
"8293283","202010",15,19,19
"8293283","202015",3,3,22
"8293283","202020",17,17,39
"8293283","202110",17,17,56
"8293283","202115",3,3,59
"8293283","202120",18,18,77
"8293283","202210",20,20,97
"8293283","202215",6,6,103
"8293283","202220",18,18,121
"8293283","202310",0,0,121
"8293283","202315",0,0,121
"8293283","202320",0,0,121
"8293553","202010",16,36,36
"8293553","202020",15,15,51
"8293553","202110",16,16,67
"8293553","202120",17,17,84
"8293553","202210",15,15,99
"8293553","202215",3,3,102
"8293553","202220",12,12,114
"8293553","202230",3,3,117
"8293553","202310",14,14,131
"8293553","202320",12,12,143
"8294324","202010",15,29,29
"8294324","202015",3,3,32
"8294324","202020",15,15,47
"8294324","202110",17,17,64
"8294324","202120",17,17,81
"8294324","202210",16,16,97
"8294324","202215",3,3,100
"8294324","202220",15,15,115
"8294324","202310",12,12,127
"8294574","202010",16,30,30
"8294574","202020",13,13,43
"8294574","202110",15,15,58
"8294574","202120",12,12,70
"8294574","202130",3,3,73
"8294574","202210",12,12,85
"8294574","202215",3,3,88
"8294574","202220",12,12,100
"8294574","202310",12,12,112
"8294574","202320",15,15,127
"8294890","202010",16,25,25
"8294890","202020",14,14,39
"8294890","202110",15,15,54
"8294890","202120",12,12,66
"8295277","202010",15,15,15
"8295277","202020",15,15,30
"8295277","202030",5,5,35
"8295277","202110",17,17,52
"8295277","202115",3,3,55
"8295277","202120",16,16,71
"8295277","202130",3,3,74
"8295277","202210",15,15,89
"8295277","202215",3,3,92
"8295277","202220",14,14,106
"8295277","202310",14,14,120
"8295277","202320",12,12,132
"8295511","202010",15,46,46
"8295511","202020",15,15,61
"8295511","202110",15,15,76
"8295511","202120",15,15,91
"8295511","202210",15,15,106
"8295511","202215",3,3,109
"8295511","202220",12,12,121
"8295511","202310",12,12,133
"8295511","202320",6,6,139
"8308960","202110",15,44,44
"8308960","202120",17,17,61
"8308960","202210",15,15,76
"8308960","202220",16,16,92
"8308960","202310",15,15,107
"8308960","202320",15,15,122
"8308960","202410",15,15,137
"8308960","202420",15,15,152
"8309047","201910",15,15,15
"8309047","201920",17,17,32
"8309047","202010",20,20,52
"8309047","202020",19,19,71
"8309047","202110",21,21,92
"8309047","202120",15,15,107
"8309047","202210",15,15,122
"8309047","202220",12,12,134
"8309076","201910",16,37,37
"8309076","201920",17,17,54
"8309076","202010",18,18,72
"8309076","202020",14,14,86
"8309076","202110",9,9,95
"8309076","202115",3,3,98
"8309076","202120",15,15,113
"8309076","202130",4,4,117
"8309076","202210",16,16,133
"8309076","202215",3,3,136
"8309076","202220",18,18,154
"8309076","202230",6,6,160
"8311146","201910",17,43,43
"8311146","201915",3,3,46
"8311146","201920",16,16,62
"8311146","202010",17,17,79
"8311146","202020",0,15,94
"8311146","202030",3,3,97
"8311146","202110",15,15,112
"8311146","202115",3,3,115
"8311146","202120",13,13,128
"8311146","202210",19,19,147
"8311146","202215",4,4,151
"8311146","202220",16.5,16.5,167.5
"8311225","201910",15,15,15
"8311225","201920",14,14,29
"8311225","202010",16,16,45
"8311225","202020",18,18,63
"8311225","202110",15,15,78
"8311225","202120",15,15,93
"8311225","202210",15,15,108
"8311225","202220",13.5,13.5,121.5
"8315620","201910",12,19,19
"8315620","201920",0,0,19
"8315620","202010",14,14,33
"8315620","202015",3,3,36
"8315620","202020",15,18,54
"8315620","202110",12,12,66
"8315620","202115",6,6,72
"8315620","202120",12,12,84
"8315620","202130",3,3,87
"8315620","202210",14,14,101
"8315620","202215",3,3,104
"8315620","202220",3,3,107
"8315620","202310",18,18,125
"8316012","201910",17,29,29
"8316012","201920",13,13,42
"8316012","201930",9,9,51
"8316012","202020",17,17,68
"8316012","202030",0,3,NA
"8316012","202110",15,15,86
"8316012","202115",3,3,89
"8316012","202120",12,12,101
"8316012","202130",3,3,104
"8316012","202210",15,15,119
"8316012","202220",15,15,134
"8317382","201910",18,18,18
"8317382","201920",18,18,36
"8317382","202010",19,19,55
"8317382","202020",18,18,73
"8317382","202210",18,18,91
"8317382","202220",18,18,109
"8317382","202230",0,0,109
"8317382","202310",15,15,124
"8317382","202320",12,12,136
"8317791","201910",15,41,41
"8317791","201920",16,16,57
"8317791","202010",12,12,69
"8317791","202020",12,12,81
"8317791","202110",12,12,93
"8317791","202120",13,13,106
"8317791","202210",15,15,121
"8317791","202220",12,12,133
"8318800","201910",17,17,17
"8318800","201920",15,15,32
"8318800","202010",13,13,45
"8318800","202020",15,15,60
"8318800","202110",14,14,74
"8318800","202120",16,16,90
"8318800","202210",15,15,105
"8318800","202215",3,3,108
"8318800","202220",15,15,123
"8319253","201910",16,25,25
"8319253","201920",14,14,39
"8319253","202010",16,16,55
"8319253","202020",15,15,70
"8319253","202110",15,15,85
"8319253","202115",3,3,88
"8319253","202120",13,13,101
"8319253","202210",12,12,113
"8319253","202220",14,14,127
"8320580","201910",15,21,21
"8320580","202010",15,27,48
"8320580","202020",16,16,64
"8320580","202110",16,16,80
"8320580","202115",3,3,83
"8320580","202120",15,15,98
"8320580","202130",3,6,104
"8320580","202210",17,17,121
"8320580","202220",12,12,133
"8323169","202110",15,75,75
"8323169","202120",14,14,89
"8323169","202210",15,15,104
"8323169","202220",15,15,119
"8323169","202310",12,12,131
"8323169","202320",12,12,143
"8324729","201910",15,15,15
"8324729","201920",16,16,31
"8324729","202010",14,14,45
"8324729","202020",17,17,62
"8324729","202030",3,3,65
"8324729","202110",12,12,77
"8324729","202115",3,3,80
"8324729","202120",12,12,92
"8324729","202130",3,9,101
"8324729","202210",15,15,116
"8324729","202215",3,3,119
"8324729","202220",12,12,131
"8325776","201910",15,18,18
"8325776","201920",15,15,33
"8325776","202010",15,15,48
"8325776","202020",15,15,63
"8325776","202110",15,15,78
"8325776","202120",12,12,90
"8325776","202210",15,15,105
"8325776","202220",12,12,117
"8326128","201910",16,73,73
"8326128","201915",3,3,76
"8326128","201920",19,19,95
"8326128","201930",3,3,98
"8326128","202010",16,16,114
"8326128","202015",3,3,117
"8326128","202020",19,19,136
"8326128","202110",16,16,152
"8326128","202120",6,6,158
"8326128","202210",9,9,167
"8326128","202220",3,3,170
"8326128","202310",0,0,170
"8327105","201910",16,25,25
"8327105","201920",15,15,40
"8327105","202010",17,17,57
"8327105","202020",15,15,72
"8327105","202110",15,15,87
"8327105","202120",17,17,104
"8327105","202210",17,17,121
"8327105","202220",12,12,133
"8327670","201910",13,22,22
"8327670","201920",15,15,37
"8327670","202010",15,15,52
"8327670","202020",12,17,69
"8327670","202110",16,16,85
"8327670","202120",12,12,97
"8327670","202210",15,15,112
"8327670","202215",3,3,115
"8327670","202220",15,15,130
"8329475","201910",15,66,66
"8329475","201920",15,15,81
"8329475","202010",12,12,93
"8329475","202020",15,15,108
"8329475","202030",3,3,111
"8329475","202110",12,12,123
"8329475","202120",12,12,135
"8329675","201910",15,18,18
"8329675","201920",18,18,36
"8329675","202010",16,16,52
"8329675","202020",16,16,68
"8329675","202110",12,12,80
"8329675","202120",18,18,98
"8329675","202210",14,14,112
"8329675","202220",12,12,124
"8330331","201910",18,41,41
"8330331","201920",15,15,56
"8330331","202010",15,15,71
"8330331","202020",15,15,86
"8330331","202110",15,15,101
"8330331","202120",15,15,116
"8330331","202210",15,15,131
"8330331","202220",12,12,143
"8330667","201910",15,48,48
"8330667","201920",14,14,62
"8330667","202010",15,15,77
"8330667","202020",15,15,92
"8330667","202030",3,3,95
"8330667","202110",16,16,111
"8330667","202115",3,3,114
"8330667","202120",15,15,129
"8330667","202210",16,16,145
"8330667","202215",3,3,148
"8330667","202220",12,12,160
"8331244","201910",15,44,44
"8331244","201920",16,16,60
"8331244","202010",15,15,75
"8331244","202020",16,16,91
"8331244","202110",15,15,106
"8331244","202120",12,12,118
"8331244","202220",12,12,130
"8331618","201910",15,26,26
"8331618","201920",15,15,41
"8331618","202010",16,16,57
"8331618","202015",3,3,60
"8331618","202020",16,16,76
"8331618","202030",3,3,79
"8331618","202110",14,14,93
"8331618","202120",15,15,108
"8331618","202210",15,15,123
"8331618","202220",15,15,138
"8331743","201910",15,29,29
"8331743","201920",17,17,46
"8331743","202010",15,15,61
"8331743","202020",15,15,76
"8331743","202110",15,15,91
"8331743","202120",14,14,105
"8331743","202210",13,13,118
"8331743","202220",13,13,131
"8333235","201910",14,29,29
"8333235","201920",16,16,45
"8333235","202010",15,15,60
"8333235","202020",0,16,76
"8333235","202110",12,12,88
"8333235","202120",15,15,103
"8333235","202130",3,3,106
"8333235","202210",12,12,118
"8333235","202220",3,6,124
"8333381","201910",15,31,31
"8333381","201920",16,16,47
"8333381","202010",15,15,62
"8333381","202015",3,3,65
"8333381","202020",15,15,80
"8333381","202110",15,15,95
"8333381","202120",15,15,110
"8333381","202210",12,12,122
"8333381","202220",12,12,134
"8333444","201910",15,24,24
"8333444","201920",15,15,39
"8333444","202010",16,16,55
"8333444","202020",15,15,70
"8333444","202110",15,15,85
"8333444","202120",15,15,100
"8333444","202130",6,6,106
"8333444","202210",15,15,121
"8333444","202220",15,15,136
"8333498","201910",15,39,39
"8333498","201920",15,15,54
"8333498","202010",17,17,71
"8333498","202020",15,15,86
"8333498","202110",16,16,102
"8333498","202120",15,15,117
"8333498","202210",16,16,133
"8333498","202220",12,12,145
"8334152","201910",12,42,42
"8334152","201920",14,14,56
"8334152","202010",12,17,73
"8334152","202020",13,13,86
"8334152","202110",14,14,100
"8334152","202120",12,12,112
"8334152","202210",12,12,124
"8334152","202215",6,6,130
"8334152","202220",12,12,142
"8334152","202230",3,3,145
"8334506","201910",15,28,28
"8334506","201920",12,12,40
"8334506","202010",15,15,55
"8334506","202015",0,3,58
"8334506","202020",12,12,70
"8334506","202110",15,15,85
"8334506","202120",12,12,97
"8334506","202210",15,15,112
"8334506","202220",15,15,127
"8334898","201910",16,87,87
"8334898","201915",3,3,90
"8334898","201920",16,16,106
"8334898","201930",3,3,109
"8334898","202010",16,16,125
"8334898","202015",3,3,128
"8334898","202020",16,16,144
"8334898","202030",6,6,150
"8334898","202110",10,10,160
"8334898","202120",14,14,174
"8334898","202210",13,13,187
"8334898","202220",15,15,202
"8335099","201910",15,35,35
"8335099","201920",15,15,50
"8335099","202010",18,18,68
"8335099","202020",0,15,83
"8335099","202110",19,19,102
"8335099","202120",18,18,120
"8335099","202210",15,15,135
"8335099","202220",17,17,152
"8336051","201910",12,12,12
"8336051","201920",15,15,27
"8336051","201930",3,9,36
"8336051","202010",15,15,51
"8336051","202015",3,3,54
"8336051","202020",16,16,70
"8336051","202030",0,6,NA
"8336051","202110",16,16,92
"8336051","202120",16,16,108
"8336051","202210",15,15,123
"8336051","202215",3,3,126
"8336051","202220",12,12,138
"8336139","201910",15,33,33
"8336139","201920",16,16,49
"8336139","202010",15,15,64
"8336139","202015",6,6,70
"8336139","202020",15,15,85
"8336139","202110",17,17,102
"8336139","202120",14,14,116
"8336139","202210",15,15,131
"8336139","202215",3,3,134
"8336139","202220",12,12,146
"8336578","201910",14,23,23
"8336578","201920",16,16,39
"8336578","202010",15,15,54
"8336578","202020",12,12,66
"8336578","202110",12,12,78
"8336578","202115",6,6,84
"8336578","202120",15,15,99
"8336578","202130",3,6,105
"8336578","202210",12,12,117
"8336578","202220",12,12,129
"8336655","201910",16,19,19
"8336655","201920",14,14,33
"8336655","202010",12,12,45
"8336655","202020",15,15,60
"8336655","202110",15,15,75
"8336655","202120",15,15,90
"8336655","202210",12,12,102
"8336655","202215",6,6,108
"8336655","202220",11,11,119
"8336766","201910",17,28,28
"8336766","201920",18,18,46
"8336766","202010",16,16,62
"8336766","202020",16,16,78
"8336766","202030",3,6,84
"8336766","202110",16,16,100
"8336766","202120",18,18,118
"8336766","202210",15,15,133
"8336766","202220",12,12,145
"8336795","201910",15,15,15
"8336795","201920",14,14,29
"8336795","202010",16,16,45
"8336795","202020",15,15,60
"8336795","202110",12,12,72
"8336795","202120",15,15,87
"8336795","202210",15,15,102
"8336795","202220",17,17,119
"8338465","201910",13,16,16
"8338465","201920",17,17,33
"8338465","201930",3,8,41
"8338465","202010",16,16,57
"8338465","202015",2,2,59
"8338465","202020",15,15,74
"8338465","202030",6,6,80
"8338465","202110",15,15,95
"8338465","202120",16.5,16.5,111.5
"8338465","202130",3,3,114.5
"8338465","202210",15,15,129.5
"8338465","202220",12,12,141.5
"8341263","201910",16,29,29
"8341263","201920",15,15,44
"8341263","202010",16,16,60
"8341263","202020",17,17,77
"8341458","201910",14,25,25
"8341458","201920",16,16,41
"8341458","202010",15,15,56
"8341458","202020",15,15,71
"8341458","202110",15,15,86
"8341458","202120",18,18,104
"8341458","202210",12,12,116
"8341458","202215",3,3,119
"8341458","202220",6,6,125
"8351487","201910",14,14,14
"8351487","201920",16,16,30
"8351487","201930",9,13,43
"8351487","202010",13,13,56
"8351487","202015",3,3,59
"8351487","202020",14,14,73
"8351487","202110",16,16,89
"8351487","202120",15,15,104
"8351487","202210",16,16,120
"8351487","202215",3,3,123
"8351487","202220",12,12,135
"8354519","201810",20,20,20
"8354519","201820",22,22,42
"8354519","201910",20,20,62
"8354519","201920",20,20,82
"8354519","202010",20,20,102
"8354519","202020",17,17,119
"8354519","202030",9,9,128
"8354519","202110",3,3,131
"8354519","202115",0,0,131
"8354519","202120",0,0,131
"8355890","201810",15,15,15
"8355890","201820",14,14,29
"8355890","201910",14.5,14.5,43.5
"8355890","201920",15,15,58.5
"8355890","201930",3,3,61.5
"8355890","202010",17,17,78.5
"8355890","202020",16,16,94.5
"8355890","202030",0,3,NA
"8355890","202110",18,18,115.5
"8355890","202120",15,15,130.5
"8357001","201810",16,16,16
"8357001","201820",18,18,34
"8357001","201910",17,17,51
"8357001","201920",18,18,69
"8357001","202010",8,8,77
"8357001","202020",9,9,86
"8357001","202110",6,6,92
"8357001","202120",12,12,104
"8357001","202210",15,15,119
"8357001","202215",3,3,122
"8357001","202220",12,12,134
"8357001","202230",12,12,146
"8364032","201810",16,25,25
"8364032","201820",16,16,41
"8364032","201910",19.5,19.5,60.5
"8364032","201915",3,3,63.5
"8364032","201920",14,14,77.5
"8364032","202010",15,15,92.5
"8364032","202020",20,26,118.5
"8364032","202030",0,0,118.5
"8364032","202110",22,22,140.5
"8364032","202120",15,15,155.5
"8365162","201810",15,30,30
"8365162","201820",13,13,43
"8365162","201830",6,6,49
"8365162","201910",16,16,65
"8365162","201920",15,15,80
"8365162","202010",12,12,92
"8365162","202020",14,14,106
"8365162","202110",12,12,118
"8365162","202120",6,6,124
"8365422","201810",17,49,49
"8365422","201820",14,14,63
"8365422","201830",3,3,66
"8365422","201910",15,15,81
"8365422","201915",3,3,84
"8365422","201920",15,15,99
"8365422","201930",1,1,100
"8365422","202010",9,9,109
"8365422","202015",3,3,112
"8365422","202020",9,9,121
"8365422","202110",6,6,127
"8365422","202115",0,0,127
"8365422","202120",0,0,127
"8366918","201810",17,36,36
"8366918","201820",16,16,52
"8366918","201830",3,3,55
"8366918","201910",15,15,70
"8366918","201920",12,12,82
"8366918","202010",15,15,97
"8366918","202020",15,15,112
"8366918","202110",15,15,127
"8366918","202120",15,15,142
"8368121","201810",16,54,54
"8368121","201820",18,18,72
"8368121","201910",15,15,87
"8368121","201920",15,15,102
"8368121","202010",16,16,118
"8368121","202020",13,13,131
"8368121","202030",3,3,134
"8368121","202110",16,16,150
"8368925","201810",14,39,39
"8368925","201820",15,15,54
"8368925","201910",15,15,69
"8368925","201920",12,12,81
"8368925","202010",12,12,93
"8368925","202020",17,17,110
"8368925","202110",19,19,129
"8369263","201810",17,31,31
"8369263","201820",16,16,47
"8369263","201910",15,15,62
"8369263","201920",16,16,78
"8369263","202010",15,15,93
"8369263","202015",3,3,96
"8369263","202020",15,15,111
"8369263","202110",12,12,123
"8369263","202120",12,12,135
"8369816","201810",15,53,53
"8369816","201820",15,15,68
"8369816","201910",12,12,80
"8369816","201920",14,14,94
"8369816","202010",12,12,106
"8369816","202015",6,6,112
"8369816","202020",18,18,130
"8369816","202110",15,15,145
"8369816","202115",6,6,151
"8369816","202120",18,18,169
"8370493","201810",17,26,26
"8370493","201815",3,3,29
"8370493","201820",16,16,45
"8370493","201910",15,15,60
"8370493","201920",15,15,75
"8370493","202010",15,15,90
"8370493","202110",20,20,110
"8370493","202120",17,17,127
"8371019","201810",14.5,21.5,21.5
"8371019","201820",15,15,36.5
"8371019","201910",15,15,51.5
"8371019","201920",16,16,67.5
"8371019","202010",0,16,83.5
"8371019","202020",15,15,98.5
"8371019","202110",14,14,112.5
"8371019","202120",12,12,124.5
"8372734","201810",17,32,32
"8372734","201820",16,16,48
"8372734","201910",12,12,60
"8372734","201920",15,15,75
"8372734","202010",15,15,90
"8372734","202015",3,3,93
"8372734","202020",14,14,107
"8372734","202110",12,12,119
"8372734","202120",13.5,13.5,132.5
"8372868","201810",15,34,34
"8372868","201820",17,17,51
"8372868","201910",19,19,70
"8372868","201920",17,17,87
"8372868","202010",17,17,104
"8372868","202015",3,3,107
"8372868","202020",21,21,128
"8372868","202110",17,17,145
"8372868","202120",15.5,15.5,160.5
"8372995","201810",17,36,36
"8372995","201820",14,14,50
"8372995","201910",13,13,63
"8372995","201920",15,15,78
"8372995","202010",15,15,93
"8372995","202020",15,15,108
"8372995","202110",15,15,123
"8372995","202115",1,1,124
"8372995","202120",12,12,136
"8373123","201810",12,25,25
"8373123","201820",14,14,39
"8373123","201830",0,5,NA
"8373123","201910",16,16,60
"8373123","201915",2,2,62
"8373123","201920",15,15,77
"8373123","202010",12,12,89
"8373123","202015",6,6,95
"8373123","202020",15,15,110
"8373123","202030",0,3,NA
"8373123","202110",16,16,129
"8373123","202115",3,3,132
"8373123","202120",16,16,148
"8373893","201810",15,42,42
"8373893","201820",16,16,58
"8373893","201910",17,17,75
"8373893","201920",14,14,89
"8373893","202010",15,15,104
"8373893","202020",13,16,120
"8373893","202110",12,15,135
"8373893","202120",15,15,150
"8373905","201810",17,42,42
"8373905","201820",13.5,13.5,55.5
"8373905","201910",15,15,70.5
"8373905","201920",12,12,82.5
"8373905","202010",15,15,97.5
"8373905","202015",3,3,100.5
"8373905","202020",14,14,114.5
"8373905","202030",3,3,117.5
"8373905","202110",12,12,129.5
"8373905","202120",9,9,138.5
"8374059","201810",15,18,18
"8374059","201820",16,16,34
"8374059","201830",0,5,NA
"8374059","201910",17,17,56
"8374059","201915",0,6,NA
"8374059","201920",16,16,78
"8374059","202010",12,12,90
"8374059","202015",3,3,93
"8374059","202020",20,20,113
"8374059","202030",3,3,116
"8374059","202110",12,12,128
"8377224","201810",14,39,39
"8377224","201820",15,15,54
"8377224","201910",15,15,69
"8377224","201915",0,4,73
"8377224","201920",15,15,88
"8377224","202010",15,15,103
"8377224","202020",14,14,117
"8377224","202110",12,12,129
"8377224","202120",6,6,135
"8377378","201810",17,26,26
"8377378","201820",15,15,41
"8377378","201910",14,14,55
"8377378","201920",15,15,70
"8377378","202010",18,18,88
"8377378","202020",16,16,104
"8377378","202110",15,15,119
"8377378","202120",12,12,131
"8378080","201810",17,40,40
"8378080","201820",16,16,56
"8378080","201910",18,18,74
"8378080","201920",16,16,90
"8378080","202010",16,16,106
"8378080","202020",15,15,121
"8378080","202110",16,16,137
"8378080","202120",15,15,152
"8378360","201810",17,33,33
"8378360","201820",15,15,48
"8378360","201910",16,16,64
"8378360","201920",15,15,79
"8378360","201930",6,6,85
"8378360","202010",12,12,97
"8378360","202020",15,15,112
"8378360","202110",12,12,124
"8378360","202120",12,12,136
"8379005","201810",15,32,32
"8379005","201820",16,16,48
"8379005","201910",15,15,63
"8379005","201920",15,15,78
"8379005","201930",9,12,90
"8379005","202010",15,15,105
"8379005","202015",3,3,108
"8379005","202020",16,16,124
"8379005","202030",3,6,130
"8379005","202110",15,15,145
"8379005","202120",12,12,157
"8379300","201810",14,31,31
"8379300","201815",3,3,34
"8379300","201820",13,13,47
"8379300","201910",17,17,64
"8379300","201915",3,3,67
"8379300","201920",15,15,82
"8379300","202010",15,15,97
"8379300","202015",3,3,100
"8379300","202020",15,15,115
"8379300","202110",15,15,130
"8379300","202120",15,15,145
"8379976","201810",17,45,45
"8379976","201820",15,15,60
"8379976","201910",6,6,66
"8379976","201920",16,16,82
"8379976","202010",16,16,98
"8379976","202020",16,16,114
"8379976","202110",12,12,126
"8379976","202120",12,12,138
"8382476","201810",15,54,54
"8382476","201820",15,15,69
"8382476","201910",15,15,84
"8382476","201920",13,13,97
"8382476","202010",12,12,109
"8382476","202015",6,6,115
"8382476","202020",15,15,130
"8382476","202110",0,0,130
"8382476","202115",0,0,130
"8382476","202120",0,0,130
"8382573","201810",15,49,49
"8382573","201820",17,17,66
"8382573","201830",6,6,72
"8382573","201910",16,16,88
"8382573","201920",15,15,103
"8382573","201930",6,6,109
"8382573","202010",15,15,124
"8382573","202015",3,3,127
"8382573","202020",15,15,142
"8382573","202030",3,3,145
"8382573","202110",18,18,163
"8382573","202120",21,21,184
"8383536","201810",16,45,45
"8383536","201820",16,16,61
"8383536","201910",15,15,76
"8383536","201920",12,12,88
"8383536","201930",6,6,94
"8383536","202010",12,12,106
"8383536","202020",11,11,117
"8383536","202110",9,9,126
"8383536","202115",6,6,132
"8383536","202120",12,12,144
"8383536","202210",12,12,156
"8383536","202215",3,3,159
"8383536","202220",15,15,174
"8384327","201810",16,16,16
"8384327","201820",15,15,31
"8384327","201910",15,15,46
"8384327","201915",3,3,49
"8384327","201920",19,19,68
"8384327","202010",15,15,83
"8384327","202020",15,15,98
"8384327","202110",16,16,114
"8384327","202120",10,10,124
"8384480","201810",15,18,18
"8384480","201820",15,15,33
"8384480","201910",15,15,48
"8384480","201915",3,3,51
"8384480","201920",15,15,66
"8384480","202010",15,15,81
"8384480","202020",15,15,96
"8384480","202110",15,15,111
"8384480","202120",12,12,123
"8385582","201810",15,26,26
"8385582","201820",16,16,42
"8385582","201910",15,15,57
"8385582","201915",3,3,60
"8385582","201920",15,15,75
"8385582","202010",15,15,90
"8385582","202015",3,3,93
"8385582","202020",16,16,109
"8385582","202030",3,3,112
"8385582","202110",15,15,127
"8385582","202120",15,15,142
"8385894","201810",15,21,21
"8385894","201820",14,14,35
"8385894","201910",11,11,46
"8385894","201920",15,15,61
"8385894","202010",14,14,75
"8385894","202015",6,6,81
"8385894","202020",13,13,94
"8385894","202110",15,15,109
"8385894","202120",15,15,124
"8386138","201810",17,52,52
"8386138","201820",18,18,70
"8386138","201830",3,3,73
"8386138","201910",17,17,90
"8386138","201915",3,3,93
"8386138","201920",19,19,112
"8386138","202010",18,18,130
"8386138","202020",14,14,144
"8386138","202110",17,17,161
"8386138","202120",16,16,177
"8386140","201810",12,57,57
"8386140","201820",15,15,72
"8386140","201910",16,16,88
"8386140","201920",15,15,103
"8386140","202010",12,12,115
"8386140","202020",0,16,131
"8386140","202110",12,12,143
"8386140","202120",6,6,149
"8386564","201810",16,29,29
"8386564","201820",15,15,44
"8386564","201910",15,15,59
"8386564","201920",15,15,74
"8386564","202010",15,15,89
"8386564","202015",6,6,95
"8386564","202020",15,15,110
"8386564","202110",12,12,122
"8386564","202120",12,12,134
"8387041","201810",15,43,43
"8387041","201820",15,15,58
"8387041","201910",15,15,73
"8387041","201920",15,15,88
"8387041","202010",15,15,103
"8387041","202020",0,16,119
"8387041","202110",12,12,131
"8387041","202120",12,12,143
"8387094","201810",15,15,15
"8387094","201815",0,0,15
"8387094","201820",15,15,30
"8387094","201830",3,3,33
"8387094","201910",16,16,49
"8387094","201920",14,14,63
"8387094","202010",15,15,78
"8387094","202015",3,3,81
"8387094","202020",15,15,96
"8387094","202030",3,3,99
"8387094","202110",15,15,114
"8387094","202115",3,3,117
"8387094","202120",15,15,132
"8387197","201810",16,40,40
"8387197","201820",16,16,56
"8387197","201910",15,18,74
"8387197","201920",15,15,89
"8387197","201930",6,6,95
"8387197","202010",12,12,107
"8387197","202015",6,6,113
"8387197","202020",12,12,125
"8387197","202030",3,3,128
"8387197","202110",12,12,140
"8387197","202120",12,12,152
"8387363","201810",16,23,23
"8387363","201820",14,14,37
"8387363","201910",12,12,49
"8387363","201920",15,15,64
"8387363","202010",15,15,79
"8387363","202020",15,15,94
"8387363","202110",15,15,109
"8387363","202120",12,12,121
"8389050","201810",13,34,34
"8389050","201820",17,17,51
"8389050","201830",3,6,57
"8389050","201910",15,15,72
"8389050","201920",13,13,85
"8389050","202010",0,16,101
"8389050","202015",3,3,104
"8389050","202020",18,18,122
"8389050","202110",14,14,136
"8389050","202120",12,12,148
"8389212","201810",15,35,35
"8389212","201820",16,16,51
"8389212","201830",3,3,54
"8389212","201910",15,15,69
"8389212","201920",17,17,86
"8389212","202010",14,17,103
"8389212","202020",15,15,118
"8389212","202110",15,15,133
"8389212","202120",12,12,145
"8389477","201810",16,19,19
"8389477","201820",15,15,34
"8389477","201910",15,15,49
"8389477","201915",0,4,53
"8389477","201920",15,15,68
"8389477","201930",3,3,71
"8389477","202010",15,15,86
"8389477","202020",15,15,101
"8389477","202030",6,6,107
"8389477","202110",15,15,122
"8389477","202120",12,12,134
"8398087","201810",16,25,25
"8398087","201820",14,14,39
"8398087","201910",16,16,55
"8398087","201915",6,6,61
"8398087","201920",18,18,79
"8398087","201930",1,1,80
"8398087","202010",15,15,95
"8398087","202015",6,6,101
"8398087","202020",12,12,113
"8398087","202110",12,12,125
"8398087","202120",12,12,137
"8398165","201810",17,57,57
"8398165","201815",3,3,60
"8398165","201820",15,15,75
"8398165","201830",0,0,75
"8398165","201910",12,12,87
"8398165","201915",6,6,93
"8398165","201920",17,17,110
"8398165","201930",9,9,119
"8398165","202010",15,15,134
"8398165","202015",3,3,137
"8398165","202020",18,18,155
"8398165","202110",0,0,155
"8398165","202120",0,0,155
"8398303","201910",15,38,38
"8398303","201920",12,12,50
"8398303","202010",12,12,62
"8398303","202020",12,12,74
"8398303","202030",3,6,80
"8398303","202110",13,13,93
"8398303","202120",12,12,105
"8398303","202210",12,12,117
"8398303","202220",9,9,126
"8398329","201810",16,36,36
"8398329","201820",17,17,53
"8398329","201910",15,15,68
"8398329","201920",17.5,17.5,85.5
"8398329","201930",3,3,88.5
"8398329","202010",15,15,103.5
"8398329","202015",6,6,109.5
"8398329","202020",14,14,123.5
"8398329","202110",9,9,132.5
"8398329","202120",14,14,146.5
"8398877","201710",3,3,3
"8398877","201720",3,3,6
"8398877","201810",12,12,18
"8398877","201820",15,15,33
"8398877","201910",14,14,47
"8398877","201920",12,12,59
"8398877","202010",15,15,74
"8398877","202015",3,3,77
"8398877","202020",19,19,96
"8398877","202030",3,3,99
"8398877","202110",13,13,112
"8398877","202115",3,3,115
"8398877","202120",16,16,131
"8398877","202210",17,17,148
"8398877","202215",3,3,151
"8398877","202220",13,13,164
"8401257","201710",11,11,11
"8401257","201720",13,13,24
"8401257","201810",16,34,58
"8401257","201820",18,18,76
"8401257","201910",17,17,93
"8401257","201920",15,15,108
"8401257","202010",13,13,121
"8401257","202020",18,18,139
"8401257","202110",6,6,145
"8401257","202115",0,0,145
"8401257","202120",0,0,145
"8425267","201620",3,3,3
"8425267","201710",6,6,9
"8425267","201720",6,6,15
"8425267","201810",15,15,30
"8425267","201820",14,14,44
"8425267","201910",13,13,57
"8425267","201920",15,15,72
"8425267","202010",15,15,87
"8425267","202020",15,15,102
"8425267","202110",15,15,117
"8425267","202120",12,12,129
"9885956","202210",6,6,6
"Rows 1 - 2115 (All Rows)",NA,NA,NA,NA
