"Student.ID","Enrolled.Student.Count","maxCredits","DegreeObtained","Major","StartingTerm","MostRecentTerm","Cum.UG.Crs.GPA","FirstSemester","AdvancedClasses","ChangedMajor","PrimaryTermCount","TwoMajors"
"8023864","1",0,0,"BA Major",202510,202510,0,1,0,0,1,0
"8024720","1",0,0,"BA Major",202510,202510,0,1,0,0,1,0
"8026176","1",3,0,"BA Major",202510,202510,0,1,0,0,1,0
"8031298","1",NA,0,"BA Major",202510,202510,0,1,0,0,1,0
"8034088","1",7,0,"BA Major",202510,202510,0,1,0,0,1,0
"8035324","1",4,0,"BA Major",202510,202510,0,1,0,0,1,0
"8035775","1",32,0,"BA Major",202510,202510,0,1,0,0,1,0
"8035951","1",0,0,"BA Major",202510,202510,0,1,0,0,1,0
"8036132","1",0,0,"BA Major",202510,202510,0,1,0,0,1,0
"8036194","1",26,0,"BA Major",202510,202510,0,1,0,0,1,0
"8036672","1",17,0,"BA Major",202510,202510,0,1,0,0,1,0
"8036698","1",1,0,"BA Major",202510,202510,0,1,0,0,1,0
"8036831","1",0,0,"BA Major",202510,202510,0,1,0,0,1,0
"8036913","1",9,0,"BA Major",202510,202510,0,1,0,0,1,0
"8037690","1",0,0,"BA Major",202510,202510,0,1,0,0,1,0
"8037772","1",41,0,"BA Major",202510,202510,0,1,0,0,1,0
"8038501","1",4,0,"BA Major",202510,202510,0,1,0,0,1,0
"8038521","1",NA,0,"BA Major",202510,202510,0,1,0,0,1,0
"8038546","1",0,0,"BA Major",202510,202510,0,1,0,0,1,0
"8038562","1",3,0,"BA Major",202510,202510,0,1,0,0,1,0
"8039444","1",42,0,"BA Major",202510,202510,0,1,0,0,1,0
"8039868","1",11,0,"BA Major",202510,202510,0,1,0,0,1,0
"8040059","1",6,0,"BA Major",202510,202510,0,1,0,0,1,0
"8040075","1",0,0,"BA Major",202510,202510,0,1,0,0,1,0
"8040219","1",6,0,"BA Major",202510,202510,0,1,0,0,1,0
"8040445","1",NA,0,"BA Major",202510,202510,0,1,0,0,1,0
"8040552","1",0,0,"BA Major",202510,202510,0,1,0,0,1,0
"8041080","1",19,0,"BA Major",202510,202510,0,1,0,0,1,0
"8041446","1",7,0,"BA Major",202510,202510,0,1,0,0,1,0
"8041624","1",24,0,"BA Major",202510,202510,0,1,0,0,1,0
"8042057","1",20,0,"BA Major",202510,202510,0,1,0,0,1,1
"8043161","1",10,0,"BA Major",202510,202510,0,1,0,0,1,0
"8043208","1",15,0,"BA Major",202510,202510,0,1,0,0,1,0
"8043424","1",0,0,"BA Major",202510,202510,0,1,0,0,1,0
"8043792","1",17,0,"BA Major",202510,202510,0,1,0,0,1,0
"8043826","1",0,0,"BA Major",202510,202510,0,1,0,0,1,0
"8044066","1",0,0,"BA Major",202510,202510,0,1,0,0,1,0
"8044808","1",NA,0,"BA Major",202510,202510,0,1,0,0,1,0
"8045712","1",34,0,"BA Major",202510,202510,0,1,0,0,1,1
"8046171","1",13,0,"BA Major",202510,202510,0,1,0,0,1,0
"8046524","1",7,0,"BA Major",202510,202510,0,1,0,0,1,0
"8046613","1",0,0,"BA Major",202510,202510,0,1,0,0,1,0
"8046911","1",0,0,"BA Major",202510,202510,0,1,0,0,1,0
"8047746","1",12,0,"BA Major",202510,202510,0,1,0,0,1,0
"8047893","1",6,0,"BA Major",202510,202510,0,1,0,0,1,0
"8049390","1",0,0,"BA Major",202510,202510,0,1,0,0,1,0
"8049419","1",26,0,"BA Major",202510,202510,0,1,0,0,1,0
"8049767","1",28,0,"BA Major",202510,202510,0,1,0,0,1,0
"8050112","1",NA,0,"BA Major",202510,202510,0,1,0,0,1,0
"8050561","1",9,0,"BA Major",202510,202510,0,1,0,0,1,0
"8050565","1",9,0,"BA Major",202510,202510,0,1,0,0,1,0
"8050777","1",0,0,"BA Major",202510,202510,0,1,0,0,1,0
"8050880","1",0,0,"BA Major",202510,202510,0,1,0,0,1,0
"8050882","1",1,0,"BA Major",202510,202510,0,1,0,0,1,0
"8051472","1",41,0,"BA Major",202510,202510,0,1,0,0,1,0
"8051545","1",9,0,"BA Major",202510,202510,0,1,0,0,1,0
"8051960","1",37,0,"BA Major",202510,202510,0,1,0,0,1,0
"8052697","1",16,0,"BA Major",202510,202510,0,1,0,0,1,0
"8053165","1",3,0,"BA Major",202510,202510,0,1,0,0,1,0
"8053497","1",16,0,"BA Major",202510,202510,0,1,0,0,1,0
"8053929","1",10,0,"BA Major",202510,202510,0,1,0,0,1,0
"8054010","1",10,0,"BA Major",202510,202510,0,1,0,0,1,0
"8054660","1",NA,0,"BA Major",202510,202510,0,1,0,0,1,0
"8055646","1",0,0,"BA Major",202510,202510,0,1,0,0,1,0
"8055672","1",27,0,"BA Major",202510,202510,0,1,0,0,1,1
"8055733","1",6,0,"BA Major",202510,202510,0,1,0,0,1,0
"8056384","1",0,0,"BA Major",202510,202510,0,1,0,0,1,0
"8056949","1",14,0,"BA Major",202510,202510,0,1,0,0,1,0
"8057083","1",15,0,"BA Major",202510,202510,0,1,0,0,1,0
"8059043","1",3,0,"BA Major",202510,202510,0,1,0,0,1,0
"8059580","1",15,0,"BA Major",202510,202510,0,1,0,0,1,0
"8059728","1",33,0,"BA Major",202510,202510,0,1,0,0,1,0
"8060075","1",NA,0,"BA Major",202510,202510,0,1,0,0,1,0
"8060712","1",27,0,"BA Major",202510,202510,0,1,0,0,1,0
"8061238","1",11,0,"BA Major",202510,202510,0,1,0,0,1,0
"8061318","1",18,0,"BA Major",202510,202510,0,1,0,0,1,0
"8061828","1",NA,0,"BA Major",202510,202510,0,1,0,0,1,0
"8061848","1",0,0,"BA Major",202510,202510,0,1,0,0,1,0
"8062031","1",15,0,"BA Major",202510,202510,0,1,0,0,1,0
"8062215","1",0,0,"BA Major",202510,202510,0,1,0,0,1,0
"8062572","1",NA,0,"BA Major",202510,202510,0,1,0,0,1,0
"8063263","1",NA,0,"BA Major",202510,202510,0,1,0,0,1,0
"8063741","1",24,0,"BA Major",202510,202510,0,1,0,0,1,0
"8064301","1",0,0,"BA Major",202510,202510,0,1,0,0,1,0
"8071760","1",24,0,"BA Major",202410,202510,1.97,0,0,0,3,0
"8071769","1",53,0,"BA Major",202410,202510,3.67,0,0,1,3,0
"8078285","1",1,0,"BA Major",202510,202510,0,1,0,0,1,0
"8078814","1",45,0,"BA Major",202510,202510,0,1,0,0,1,0
"8079447","1",0,0,"BA Major",202510,202510,0,1,0,0,1,0
"8079808","1",44,0,"BA Major",202410,202510,3.57,0,0,1,3,0
"8082698","1",67,0,"BA Major",202510,202510,3.81,0,0,0,1,0
"8084216","1",9,0,"BA Major",202510,202510,1.56,0,0,0,1,0
"8085468","1",56,0,"Accountancy",202410,202510,3.1,0,0,1,3,0
"8085741","1",49,0,"BA Major",202410,202510,3.65,0,0,0,3,0
"8088041","1",29,0,"Marketing",202410,202510,2.26,0,0,1,3,0
"8088162","1",26,0,"Marketing",202410,202510,3.41,0,0,1,3,0
"8088163","1",24,0,"BA Major",202410,202510,1.85,0,0,0,3,1
"8088846","1",29,0,"BA Major",202410,202510,2.13,0,0,0,3,0
"8091615","1",39,0,"BA Major",202410,202510,2.95,0,0,0,3,0
"8092370","1",25,0,"BA Major",202410,202510,2.82,0,0,0,3,0
"8093446","1",34,0,"BA Major",202410,202510,2.21,0,0,0,3,0
"8093858","1",59,0,"BA Major",202410,202510,3.41,0,0,0,3,0
"8094275","1",97,0,"BA Major",202410,202510,2.62,0,0,0,3,0
"8094689","1",63,0,"BA Major",202410,202510,3.73,0,0,0,3,0
"8094793","1",42,0,"Finance",202410,202510,3.87,0,0,1,3,0
"8095052","1",42,0,"Accountancy",202410,202510,3.73,0,0,1,3,0
"8096247","1",36,0,"Marketing",202410,202510,3.05,0,0,1,3,0
"8096785","1",29,0,"BA Major",202410,202510,2.69,0,0,0,3,0
"8096793","1",34,0,"BA Major",202410,202510,3.52,0,0,1,3,0
"8097103","1",45,0,"BA Major",202410,202510,3.73,0,0,0,3,0
"8097201","1",32.5,0,"BA Major",202410,202510,3.57,0,0,1,3,0
"8097337","1",52,0,"BA Major",202410,202510,3.38,0,0,0,3,0
"8097617","1",75,0,"BA Major",202410,202510,3.95,0,0,0,3,1
"8097917","1",43,0,"BA Major",202410,202510,2.96,0,0,0,3,0
"8098459","1",48,0,"BA Major",202410,202510,2.57,0,0,0,3,0
"8098511","1",37,0,"BA Major",202410,202510,3.8,0,0,0,3,0
"8098637","1",70,0,"Accountancy",202410,202510,3.94,0,0,1,3,0
"8098693","1",31,0,"Marketing",202410,202510,3.39,0,0,1,3,0
"8098858","1",31,0,"IS Major",202410,202420,2.4,0,0,0,2,0
"8098995","1",31,0,"BA Major",202410,202510,2.88,0,0,0,3,1
"8099721","1",33,0,"BA Major",202410,202510,2.49,0,0,0,3,0
"8099820","1",29.5,0,"BA Major",202410,202510,3.15,0,0,0,3,0
"8100116","1",33,0,"BA Major",202410,202510,2.94,0,0,1,3,0
"8100342","1",48,0,"BA Major",202410,202510,4,0,0,1,3,0
"8100526","1",33,0,"BA Major",202410,202510,3.73,0,0,1,3,0
"8100549","1",34,0,"BA Major",202410,202510,3.65,0,0,1,3,0
"8100919","1",27.5,0,"BA Major",202410,202510,2.41,0,0,0,3,0
"8101018","1",56,0,"BA Major",202410,202510,3.57,0,0,1,3,0
"8101123","1",35,0,"Finance",202410,202510,3.05,0,0,1,3,0
"8101143","1",36,0,"BA Major",202410,202510,2.92,0,0,0,3,0
"8101331","1",72,0,"BA Major",202410,202510,3.96,0,0,0,3,0
"8101424","1",69,0,"BA Major",202410,202510,3.81,0,0,0,3,0
"8101439","1",48,0,"BA Major",202410,202510,3.6,0,0,0,3,0
"8102153","1",45,0,"BA Major",202410,202510,3.57,0,0,0,3,0
"8102286","1",50,0,"BA Major",202410,202510,3.6,0,0,0,3,0
"8102295","1",54,0,"BA Major",202410,202510,3.31,0,0,0,3,0
"8102400","1",68,0,"BA Major",202410,202510,3.5,0,0,0,3,0
"8102524","1",41,0,"Supply Chain & Operations Mgmt",202410,202510,3.28,0,0,1,3,0
"8102798","1",64,0,"BA Major",202410,202510,2.89,0,0,0,3,0
"8102811","1",21,0,"BA Major",202410,202510,2.11,0,0,0,3,0
"8102842","1",45,0,"Accountancy",202410,202510,3.53,0,0,1,3,0
"8102851","1",53,0,"BA Major",202410,202510,3.69,0,0,0,3,0
"8102908","1",45,0,"Marketing",202410,202510,3.59,0,0,1,3,0
"8103304","1",45,0,"BA Major",202410,202510,3.85,0,0,0,3,0
"8103469","1",53,0,"Accountancy",202410,202510,4,0,0,1,3,0
"8103883","1",31,0,"Business Economics",202410,202510,3.44,0,0,1,3,0
"8103899","1",34,0,"BA Major",202410,202510,3.26,0,0,0,3,0
"8104179","1",29,0,"BA Major",202410,202510,2.46,0,0,0,3,0
"8104279","1",32,0,"BA Major",202410,202510,3.42,0,0,0,3,0
"8104556","1",36,0,"BA Major",202410,202510,3.49,0,0,0,3,0
"8104584","1",62,0,"Accountancy",202410,202510,3.95,0,0,1,3,0
"8104623","1",30,0,"BA Major",202410,202420,3.31,0,0,0,2,0
"8104748","1",34,0,"Finance",202410,202510,3.55,0,0,1,3,0
"8104808","1",56,0,"Supply Chain & Operations Mgmt",202410,202510,3.9,0,0,1,3,0
"8104842","1",37,0,"BA Major",202410,202510,2.81,0,0,0,3,0
"8104880","1",60,0,"BA Major",202410,202510,3.87,0,0,0,3,0
"8105202","1",29,0,"BA Major",202410,202510,3.3,0,0,0,3,0
"8105427","1",34,0,"BA Major",202410,202510,3.46,0,0,1,3,0
"8105588","1",34,0,"CEC",202410,202510,2.99,0,0,1,3,0
"8105593","1",43,0,"BA Major",202410,202510,3.61,0,0,0,3,0
"8105742","1",70,0,"BA Major",202410,202510,3.93,0,0,0,3,0
"8105892","1",34,0,"Accountancy",202410,202510,3.15,0,0,1,3,0
"8106266","1",24,0,"BA Major",202410,202510,2.18,0,0,0,3,0
"8107035","1",36,0,"BA Major",202410,202510,2.99,0,0,0,3,0
"8107364","1",43,0,"BA Major",202410,202420,3.85,0,0,0,2,0
"8107379","1",62,0,"BA Major",202410,202510,4,0,0,1,3,0
"8107437","1",52,0,"Accountancy",202410,202510,3.97,0,0,1,3,0
"8107639","1",23,0,"BA Major",202410,202410,3.38,0,0,0,1,0
"8108061","1",53,0,"IS Major",202410,202510,3.63,0,0,0,3,0
"8108201","1",51,0,"BA Major",202410,202510,3.6,0,0,0,3,0
"8109038","1",36,0,"BA Major",202410,202510,3.23,0,0,0,3,0
"8109428","1",40,0,"BA Major",202410,202510,3.88,0,0,1,3,0
"8109444","1",70,0,"IS Major",202410,202510,3.82,0,0,1,3,0
"8109574","1",53,0,"BA Major",202410,202510,3.79,0,0,0,3,0
"8110017","1",30,0,"Cybersecurity Mgt Major",202410,202510,2.53,0,0,1,3,0
"8110107","1",66,0,"BA Major",202410,202510,3.46,0,0,1,3,0
"8110149","1",56,0,"BA Major",202410,202510,3.73,0,0,0,3,0
"8110213","1",58,0,"BA Major",202410,202510,3.56,0,0,0,3,1
"8110325","1",31,0,"Finance",202410,202510,1.88,0,0,1,3,0
"8111107","1",43,0,"BA Major",202410,202510,3.93,0,0,0,3,0
"8111944","1",56,0,"BA Major",202410,202510,3.34,0,0,0,3,0
"8112120","1",39,0,"BA Major",202410,202510,3.35,0,0,0,3,0
"8112254","1",45,0,"BA Major",202410,202510,2.66,0,0,0,3,0
"8112451","1",89,0,"BA Major",202410,202510,3.88,0,0,0,3,0
"8112497","1",39,0,"BA Major",202410,202510,3.16,0,0,0,3,1
"8112667","1",38,0,"Accountancy",202410,202510,3.82,0,0,1,3,0
"8112942","1",30,0,"BA Major",202410,202510,3.84,0,0,0,3,0
"8113087","1",30,0,"BA Major",202410,202510,3.59,0,0,0,3,0
"8113388","1",59,0,"BA Major",202410,202510,3.77,0,0,0,3,0
"8113623","1",65,0,"BA Major",202410,202510,3.71,0,0,1,3,1
"8113661","1",33,0,"BA Major",202410,202510,3.4,0,0,0,3,0
"8113775","1",70,0,"BA Major",202410,202510,4,0,0,0,3,0
"8113883","1",40,0,"BA Major",202410,202510,3.5,0,0,0,3,0
"8113913","1",26,0,"BA Major",202410,202510,2.7,0,0,0,3,0
"8113940","1",44,0,"IS Major",202410,202510,3.84,0,0,1,3,0
"8113952","1",42,0,"BA Major",202410,202510,2.76,0,0,0,3,0
"8114030","1",33,0,"BA Major",202410,202510,3.76,0,0,1,3,0
"8114059","1",47,0,"BA Major",202410,202510,3.63,0,0,0,3,0
"8114711","1",45,0,"BA Major",202410,202510,3.69,0,0,0,3,0
"8114906","1",46,0,"BA Major",202410,202510,3.25,0,0,0,3,0
"8114983","1",26,0,"Human Capital Mgmt& Leadership",202410,202510,2.8,0,0,1,3,0
"8115221","1",30,0,"BA Major",202410,202420,2.95,0,0,0,2,0
"8115233","1",32,0,"BA Major",202410,202510,2.04,0,0,0,3,0
"8115369","1",54,0,"BA Major",202410,202510,3.95,0,0,0,3,0
"8115647","1",29,0,"BA Major",202410,202510,2.16,0,0,0,3,0
"8115814","1",32,0,"Cybersecurity Mgt Major",202410,202510,2.87,0,0,1,3,0
"8116045","1",56,0,"BA Major",202410,202510,3.53,0,0,0,3,0
"8116163","1",57,0,"BA Major",202410,202510,3.65,0,0,0,3,0
"8116176","1",42,0,"Entrepreneurship",202410,202510,3.69,0,0,1,3,1
"8116670","1",49,0,"Finance",202410,202510,3.56,0,0,1,3,0
"8116997","1",43,0,"BA Major",202410,202510,3.38,0,0,0,3,0
"8117385","1",54,0,"BA Major",202410,202510,3.24,0,0,0,3,0
"8117466","1",59,0,"BA Major",202510,202510,0,1,0,0,1,0
"8118379","1",61,0,"Accountancy",202410,202510,3.87,0,0,1,3,1
"8118995","1",56,0,"Cybersecurity Mgt Major",202410,202510,3.67,0,0,1,3,0
"8119708","1",47,0,"BA Major",202410,202510,3.54,0,0,1,3,0
"8119865","1",43,0,"BA Major",202410,202510,3.84,0,0,0,3,0
"8119866","1",53,0,"IS Major",202410,202510,3.68,0,0,1,3,0
"8120083","1",35,0,"BA Major",202410,202510,3.6,0,0,0,3,0
"8121036","1",44,0,"BA Major",202410,202510,3.45,0,0,1,3,0
"8121360","1",70,0,"BA Major",202410,202510,3.59,0,0,0,3,0
"8121637","1",28,0,"Finance",202410,202510,3.47,0,0,1,3,0
"8124223","1",43,0,"BA Major",202410,202510,3.8,0,0,0,3,0
"8124641","1",69,0,"Supply Chain & Operations Mgmt",202310,202510,3.6,0,0,1,5,0
"8125309","1",53,0,"Cybersecurity Mgt Major",202410,202510,4,0,0,1,3,0
"8125971","1",97,0,"CAS",202310,202510,3.9,0,0,1,5,1
"8126128","1",33,0,"BA Major",202310,202320,2.58,0,0,0,2,0
"8128246","1",95,0,"BA Major",202310,202510,4,0,0,1,5,1
"8129036","1",62,0,"BA Major",202310,202510,3.35,0,0,1,5,0
"8129435","1",93,1,"BA Major",202310,202510,3.93,0,0,0,5,0
"8129482","1",77,0,"BA Major",202310,202510,3.58,0,0,0,5,0
"8129662","1",56,0,"BA Major",202310,202510,3.55,0,0,0,5,0
"8130203","1",126,0,"BA Major",202310,202510,3.81,0,0,1,5,1
"8131023","1",65,0,"Finance",202310,202510,3.47,0,0,1,5,0
"8132465","1",79,0,"BA Major",202310,202510,3.69,0,0,1,5,0
"8132721","1",93,0,"BA Major",202310,202510,3.59,0,0,1,5,1
"8132821","1",69,0,"IS Major",202310,202410,3.42,0,0,1,3,0
"8132915","1",78,0,"BA Major",202310,202510,3.18,0,0,0,5,0
"8134173","1",27,0,"BA Major",202310,202320,3.04,0,0,0,2,0
"8134369","1",67,0,"BA Major",202310,202510,3.67,0,0,0,5,0
"8135649","1",52,0,"Marketing",202310,202410,3.35,0,0,1,3,0
"8136759","1",85,0,"CAS",202310,202510,3.72,0,0,0,5,1
"8136901","1",60,0,"BA Major",202310,202510,2.28,0,0,1,5,0
"8137090","1",30,0,"BA Major",202310,202320,2.36,0,0,0,2,0
"8137163","1",72,0,"BA Major",202310,202510,2.88,0,0,0,5,1
"8137508","1",66.5,0,"BA Major",202310,202510,3.57,0,0,0,5,0
"8137586","1",86,0,"Accountancy",202310,202510,3.93,0,0,1,5,0
"8139289","1",81,0,"BA Major",202310,202510,3.6,0,0,1,5,1
"8139377","1",62,0,"CAS",202310,202510,3.09,0,0,1,5,0
"8139622","1",13,0,"BA Major",202310,202310,1.6,0,0,0,1,0
"8140179","1",81,0,"BA Major",202310,202510,3.86,0,0,1,5,0
"8140245","1",85,0,"BA Major",202310,202510,3.4,0,0,1,5,1
"8141118","1",65,0,"Finance",202310,202510,3.7,0,0,1,5,0
"8141468","1",66,0,"BA Major",202310,202510,3.46,0,0,0,5,0
"8141755","1",64,0,"Marketing",202310,202510,3,0,0,1,5,0
"8142155","1",102,0,"BA Major",202310,202510,3.86,0,0,0,5,0
"8142374","1",65,0,"Marketing",202310,202510,2.91,0,0,1,5,0
"8142423","1",87,0,"BA Major",202310,202510,2.97,0,0,0,5,0
"8142526","1",110,0,"BA Major",202310,202510,3.01,0,0,0,5,0
"8142886","1",74,0,"BA Major",202310,202510,3.17,0,0,0,5,0
"8143408","1",74,0,"BA Major",202310,202510,3.93,0,0,1,5,1
"8143418","1",89,0,"BA Major",202310,202420,3.55,0,0,0,4,0
"8143420","1",92,0,"BA Major",202310,202510,3.91,0,0,0,5,1
"8143472","1",58,0,"BA Major",202310,202510,2.78,0,0,0,5,0
"8143654","1",111,0,"CAS",202310,202510,3.99,0,0,1,5,0
"8143798","1",57,0,"BA Major",202310,202510,2.9,0,0,0,5,0
"8143860","1",86,0,"BA Major",202310,202510,2.95,0,0,1,5,1
"8143934","1",86,0,"BA Major",202310,202510,3.4,0,0,0,5,0
"8143936","1",90,0,"BA Major",202310,202510,3.7,0,0,1,5,0
"8144647","1",16,0,"EHS",202310,202320,0.78,0,0,1,2,0
"8144902","1",110,1,"BA Major",202310,202510,3.52,0,0,1,5,1
"8144914","1",92,0,"BA Major",202310,202510,3.82,0,0,1,5,0
"8144976","1",78,0,"IS Major",202310,202510,3.42,0,0,1,5,0
"8144995","1",137,0,"BA Major",202310,202510,3.97,0,0,0,5,0
"8145217","1",61,0,"BA Major",202310,202510,3.12,0,0,1,5,0
"8145325","1",92,0,"BA Major",202310,202510,3.29,0,0,1,5,1
"8145502","1",67,0,"BA Major",202310,202320,3.77,0,0,0,2,0
"8145508","1",64,0,"Supply Chain & Operations Mgmt",202310,202510,3.33,0,0,1,5,0
"8145611","1",83,0,"BA Major",202310,202510,3.94,0,0,0,5,0
"8145766","1",100,0,"BA Major",202310,202510,3.67,0,0,0,5,0
"8145786","1",67,0,"CAS",202310,202510,3.61,0,0,1,5,0
"8146057","1",65,0,"BA Major",202310,202510,3.19,0,0,0,5,0
"8146177","1",9,0,"BA Major",202310,202320,2.42,0,0,0,2,0
"8146225","1",30,0,"BA Major",202410,202510,3.81,0,0,0,3,0
"8146244","1",115,0,"Accountancy",202310,202510,3.95,0,0,1,5,1
"8146525","1",60,0,"BA Major",202310,202510,2.87,0,0,1,5,0
"8146560","1",76,0,"BA Major",202310,202510,3.01,0,0,0,5,0
"8146723","1",57.5,0,"BA Major",202310,202510,2.8,0,0,0,5,0
"8147231","1",98,0,"BA Major",202310,202510,3.78,0,0,1,5,1
"8147335","1",67,0,"BA Major",202310,202510,3.11,0,0,0,5,0
"8147369","1",78,0,"BA Major",202310,202510,3.84,0,0,1,5,0
"8147431","1",106,0,"BA Major",202310,202510,3.55,0,0,0,5,0
"8147458","1",74,0,"BA Major",202310,202510,3.85,0,0,0,5,1
"8147889","1",118,0,"BA Major",202310,202510,3.4,0,0,0,5,1
"8147973","1",81,0,"Finance",202310,202510,3.53,0,0,1,5,0
"8148045","1",59,0,"BA Major",202310,202510,2.6,0,0,0,5,0
"8148167","1",64,0,"BA Major",202310,202510,2.83,0,0,1,5,0
"8148469","1",94,0,"BA Major",202310,202510,3.55,0,0,0,5,0
"8148923","1",65,0,"Accountancy",202310,202510,3.6,0,0,0,5,1
"8149274","1",65,0,"BA Major",202310,202510,3.7,0,0,1,5,0
"8149309","1",69,0,"IS Major",202310,202510,2.81,0,0,0,5,0
"8149335","1",90,1,"BA Major",202310,202510,3.15,0,0,1,5,0
"8149556","1",95,0,"Accountancy",202310,202510,3.96,0,0,0,5,0
"8150970","1",58,0,"BA Major",202310,202510,3.15,0,0,0,5,0
"8151012","1",98,0,"BA Major",202310,202510,3.93,0,0,1,5,0
"8151086","1",73,0,"BA Major",202310,202510,2.94,0,0,1,5,0
"8151107","1",92.6,0,"BA Major",202310,202510,3.55,0,0,0,5,0
"8151305","1",62,0,"BA Major",202310,202510,3.18,0,0,0,5,0
"8151587","1",72,0,"BA Major",202310,202510,3.93,0,0,0,4,0
"8151654","1",64,0,"BA Major",202310,202510,3.25,0,0,0,5,0
"8151695","1",90,0,"Marketing",202310,202510,2.55,0,0,1,5,0
"8152069","1",95,0,"Marketing",202310,202510,2.89,0,0,1,5,0
"8152289","1",48,0,"BA Major",202310,202510,2.74,0,0,0,5,0
"8152321","1",62,0,"Finance",202310,202510,3.55,0,0,1,5,0
"8152659","1",81,0,"BA Major",202310,202510,3.7,0,0,0,5,0
"8152662","1",82,0,"BA Major",202310,202510,3.16,0,0,1,5,1
"8152749","1",62,0,"IS Major",202310,202510,3.45,0,0,1,5,0
"8153125","1",59,0,"BA Major",202310,202510,3.21,0,0,1,5,0
"8153342","1",89,0,"BA Major",202310,202510,3.7,0,0,0,5,0
"8153377","1",103,0,"BA Major",202310,202510,4,0,0,0,5,0
"8153542","1",92,0,"BA Major",202310,202510,3.84,0,0,1,5,0
"8154142","1",61,0,"BA Major",202310,202510,3,0,0,0,5,0
"8154259","1",60,0,"Business Economics",202310,202510,2.31,0,0,1,5,0
"8154315","1",84,0,"Finance",202310,202510,3.44,0,0,1,5,0
"8154337","1",58,0,"BA Major",202310,202510,2.68,0,0,1,5,0
"8160693","1",66,0,"IS Major",202310,202510,2.6,0,0,1,5,0
"8160801","1",110,0,"BA Major",202310,202510,3.92,0,0,1,5,1
"8160820","1",88,0,"BA Major",202310,202510,3.31,0,0,0,5,1
"8161085","1",115,0,"BA Major",202310,202510,3.57,0,0,1,5,0
"8161157","1",94,0,"Supply Chain & Operations Mgmt",202310,202510,3.35,0,0,1,5,0
"8161399","1",66,0,"BA Major",202310,202510,3.7,0,0,0,5,0
"8161439","1",62,0,"Marketing",202310,202510,2.71,0,0,1,5,0
"8161724","1",119,0,"BA Major",202310,202510,3.87,0,0,1,5,0
"8161990","1",73,0,"BA Major",202310,202510,3.11,0,0,0,5,0
"8162016","1",91,0,"BA Major",202310,202510,3.97,0,0,1,5,0
"8162164","1",81,0,"Accountancy",202410,202510,3.53,0,0,1,5,1
"8162281","1",100,0,"Business Economics",202310,202510,3.75,0,0,1,5,0
"8162853","1",76,0,"BA Major",202310,202510,2.78,0,0,1,5,0
"8162901","1",84,0,"BA Major",202310,202510,3.83,0,0,1,5,1
"8162906","1",74,0,"Finance",202310,202510,3.66,0,0,1,5,0
"8163008","1",78,0,"Accountancy",202310,202510,3.86,0,0,1,5,1
"8163086","1",104,0,"BA Major",202310,202510,3.63,0,0,1,5,1
"8163102","1",89,0,"Accountancy",202310,202510,3.39,0,0,0,5,1
"8163147","1",92,0,"BA Major",202310,202510,3.98,0,0,0,5,1
"8163195","1",68,0,"Marketing",202310,202510,3.08,0,0,1,5,0
"8163233","1",86,0,"Accountancy",202310,202510,3.53,0,0,1,5,1
"8163250","1",95,0,"BA Major",202310,202510,3.55,0,0,1,5,1
"8163402","1",112,0,"BA Major",202310,202510,4,0,0,0,5,1
"8163696","1",87,0,"Accountancy",202310,202510,3.56,0,0,1,5,0
"8163731","1",73,0,"Finance",202310,202510,3.52,0,0,1,5,0
"8163855","1",108,0,"BA Major",202310,202510,3.9,0,0,1,5,1
"8163909","1",67,0,"BA Major",202310,202510,3.1,0,0,1,5,0
"8164025","1",75,0,"Accountancy",202310,202510,3.9,0,0,1,5,0
"8164180","1",57,0,"BA Major",202310,202510,3.04,0,0,1,5,0
"8164296","1",139,1,"BA Major",202310,202510,3.4,0,0,1,5,1
"8164571","1",65,0,"BA Major",202310,202510,2.56,0,0,0,5,0
"8164864","1",92,0,"Accountancy",202310,202510,3.97,0,0,0,5,1
"8164883","1",78,0,"BA Major",202310,202510,3.39,0,0,0,5,0
"8164912","1",55,0,"BA Major",202310,202510,2.33,0,0,1,5,0
"8165255","1",57,0,"Finance",202310,202510,3.61,0,0,1,5,0
"8165872","1",120,0,"BA Major",202310,202510,3.84,0,0,1,5,1
"8166070","1",139,0,"BA Major",202310,202510,3.95,0,0,1,5,1
"8166091","1",65,0,"BA Major",202310,202510,3.58,0,0,0,5,0
"8166116","1",58,0,"Finance",202310,202510,3.09,0,0,1,5,0
"8166210","1",85,0,"IS Major",202310,202510,3.85,0,0,1,5,1
"8166267","1",82,0,"Marketing",202310,202510,3,0,0,1,5,0
"8166844","1",86.5,0,"BA Major",202310,202510,3.97,0,0,0,5,0
"8166978","1",101,0,"BA Major",202310,202510,3.8,0,0,0,5,0
"8167256","1",71,0,"Marketing",202310,202510,3.33,0,0,1,5,0
"8167504","1",75,0,"BA Major",202310,202510,3.41,0,0,1,5,0
"8167563","1",57,0,"Marketing",202310,202510,3.89,0,0,1,5,0
"8167567","1",57,0,"BA Major",202310,202510,2.91,0,0,0,5,0
"8167996","1",64,0,"BA Major",202310,202510,3.28,0,0,1,5,0
"8168302","1",92,0,"BA Major",202310,202510,3.89,0,0,1,5,1
"8168593","1",95,0,"BA Major",202310,202510,3.69,0,0,0,5,0
"8168703","1",64,0,"Finance",202310,202510,3.13,0,0,1,5,0
"8168751","1",46,0,"CAS",202310,202510,1.92,0,0,1,5,0
"8169012","1",0,0,"BA Major",202310,202310,0,1,0,0,1,0
"8169051","1",82,0,"BA Major",202310,202510,3.34,0,0,0,5,0
"8171318","1",70,0,"BA Major",202310,202510,3.31,0,0,1,5,0
"8171610","1",74,0,"BA Major",202310,202510,3.25,0,0,0,5,0
"8174326","1",50,0,"BA Major",202410,202510,2.8,0,0,0,3,1
"8176990","1",111,0,"Accountancy",202210,202510,3.69,0,0,1,7,0
"8177425","1",27,0,"BA Major",202210,202220,2.07,0,0,0,2,0
"8178743","1",97,1,"BA Major",202210,202510,3.54,0,0,1,7,0
"8178847","1",76,0,"BA Major",202210,202510,2.21,0,0,0,7,0
"8181140","1",103,1,"BA Major",202210,202510,3.92,0,0,1,7,1
"8181775","1",111,1,"BA Major",202210,202510,3.36,0,0,1,7,1
"8181895","1",104,0,"BA Major",202210,202510,3.62,0,1,1,7,0
"8182276","1",119,1,"BA Major",202210,202510,3.67,0,1,0,7,0
"8182483","1",129,1,"Accountancy",202210,202510,3.92,0,0,1,7,1
"8183049","1",134,0,"Cybersecurity Mgt Major",202210,202510,3.59,0,0,1,6,0
"8183119","1",104,0,"Entrepreneurship",202210,202510,2.81,0,0,1,7,1
"8183142","1",105,1,"Cybersecurity Mgt Major",202210,202510,2.89,0,0,1,7,0
"8183242","1",78,0,"Marketing",202210,202510,2.4,0,0,1,7,0
"8183371","1",143,1,"BA Major",202210,202510,3.49,0,0,0,7,0
"8183546","1",34,0,"BA Major",202210,202220,3.71,0,0,0,2,0
"8183549","1",80,0,"BA Major",202210,202510,3.95,0,0,1,6,0
"8183672","1",143,1,"BA Major",202210,202510,3.61,0,0,1,7,1
"8184225","1",116,1,"BA Major",202210,202510,3.79,0,1,0,7,0
"8184292","1",0,0,"BA Major",202210,202210,0,1,0,0,1,0
"8184322","1",17,0,"BA Major",202210,202310,1.26,0,0,0,3,0
"8184369","1",108,1,"Marketing",202210,202510,3.53,0,0,1,7,0
"8185177","1",88,0,"BA Major",202210,202510,2.82,0,0,0,7,0
"8185334","1",133,1,"BA Major",202210,202510,3.98,0,1,0,7,0
"8185339","1",135,1,"Entrepreneurship",202210,202510,3.97,0,0,0,7,1
"8185381","1",110,1,"BA Major",202210,202510,3.82,0,0,0,7,1
"8185825","1",117,1,"BA Major",202210,202510,3.5,0,0,1,7,0
"8186192","1",129,1,"BA Major",202210,202510,3.28,0,0,0,7,1
"8186376","1",121,1,"*NSD",202210,202510,3.52,0,0,1,7,1
"8186466","1",108,1,"BA Major",202210,202510,3.05,0,0,0,7,0
"8186627","1",67,0,"Marketing",202210,202510,2.51,0,0,1,7,0
"8187393","1",100,1,"Supply Chain & Operations Mgmt",202210,202510,2.93,0,0,1,7,0
"8187578","1",121,1,"BA Major",202210,202510,3.66,0,1,1,7,0
"8187727","1",89.5,0,"Accountancy",202210,202510,3.57,0,0,1,7,0
"8188147","1",57,0,"EHS",202210,202510,2.9,0,0,1,7,1
"8188159","1",120,1,"Finance",202210,202510,3.27,0,0,1,7,0
"8188216","1",117.5,1,"Finance",202210,202510,3.75,0,0,1,7,0
"8188286","1",86,0,"BA Major",202310,202510,3.5,0,0,1,5,0
"8188376","1",141,1,"BA Major",202210,202510,3.78,0,0,1,7,1
"8188396","1",116,1,"Supply Chain & Operations Mgmt",202210,202510,2.94,0,0,1,7,0
"8188789","1",99,1,"IS Major",202210,202510,3.04,0,0,0,7,0
"8189088","1",114,1,"Accountancy",202210,202510,3.67,0,0,1,7,0
"8189159","1",91,1,"Marketing",202210,202510,2.63,0,0,1,7,0
"8189574","1",88,0,"Marketing",202210,202510,3.24,0,0,1,7,0
"8189686","1",120,1,"BA Major",202210,202510,3.3,0,1,1,7,0
"8189730","1",119,1,"BA Major",202210,202510,3.15,0,0,1,7,1
"8189765","1",106,1,"Cybersecurity Mgt Major",202210,202510,2.7,0,0,1,7,0
"8189864","1",94,1,"Marketing",202210,202510,2.81,0,0,1,7,0
"8189891","1",112,0,"Supply Chain & Operations Mgmt",202210,202510,2.63,0,0,1,6,0
"8190053","1",122,1,"IS Major",202310,202510,2.85,0,0,0,5,0
"8190065","1",122,1,"BA Major",202210,202510,3.48,0,1,0,7,0
"8190111","1",95,0,"EHS",202210,202510,2.01,0,0,1,7,0
"8190575","1",106,1,"Finance",202210,202510,3.41,0,0,1,7,0
"8190645","1",107,1,"IS Major",202210,202510,3.58,0,0,0,7,0
"8190708","1",129,1,"Accountancy",202210,202510,3.55,0,0,1,7,0
"8190732","1",124,1,"Cybersecurity Mgt Major",202210,202510,3.82,0,0,1,7,0
"8190918","1",25,0,"BA Major",202210,202220,2.85,0,0,0,2,0
"8191039","1",73,1,"Human Capital Mgmt& Leadership",202210,202510,2.66,0,0,1,7,0
"8191163","1",156,1,"BA Major",202210,202510,3.65,0,0,1,7,1
"8191209","1",93,1,"Supply Chain & Operations Mgmt",202210,202510,2.58,0,0,1,7,0
"8191401","1",92,1,"Finance",202210,202510,3.09,0,0,1,7,0
"8191431","1",87,1,"Marketing",202210,202510,3.24,0,0,1,7,0
"8191448","1",111.5,1,"BA Major",202210,202510,3.66,0,1,1,7,1
"8191595","1",100,1,"Finance",202210,202510,3.75,0,0,1,7,0
"8191633","1",114,1,"Accountancy",202210,202510,3.65,0,0,1,7,0
"8191653","1",148,1,"BA Major",202210,202420,3.78,0,1,0,6,0
"8191700","1",124,1,"BA Major",202210,202510,3.84,0,1,1,7,1
"8191862","1",115,1,"BA Major",202210,202510,3.33,0,0,0,7,0
"8191921","1",127,1,"BA Major",202210,202510,3.39,0,0,1,7,1
"8191938","1",94,1,"Supply Chain & Operations Mgmt",202210,202510,3.06,0,0,1,7,0
"8192388","1",154,1,"BA Major",202210,202510,3.56,0,1,0,7,0
"8192462","1",126,1,"BA Major",202210,202510,3.38,0,0,1,7,0
"8192597","1",93,1,"Finance",202210,202510,3.65,0,0,1,7,0
"8192653","1",96,1,"BA Major",202210,202510,3.68,0,0,0,7,0
"8192696","1",102,1,"Supply Chain & Operations Mgmt",202210,202510,3.15,0,0,1,7,0
"8192894","1",113,1,"BA Major",202210,202510,3.17,0,1,0,7,0
"8192960","1",123,1,"BA Major",202210,202510,3.95,0,1,0,7,0
"8192966","1",120,1,"Accountancy",202210,202510,3.93,0,0,0,7,1
"8193010","1",131,0,"BA Major",202210,202510,3.94,0,0,1,7,0
"8193320","1",103,1,"BA Major",202210,202510,3.48,0,0,1,7,0
"8193405","1",89.5,1,"BA Major",202210,202510,3.06,0,0,1,7,0
"8193409","1",113,1,"BA Major",202210,202510,3.97,0,0,1,7,0
"8193507","1",108,1,"BA Major",202210,202510,2.98,0,1,0,7,0
"8193517","1",141,1,"IS Major",202210,202510,3.97,0,0,0,7,0
"8193533","1",134,1,"BA Major",202210,202510,3.62,0,1,0,7,0
"8193928","1",87,1,"BA Major",202210,202510,3,0,0,1,7,0
"8193985","1",107,1,"Finance",202210,202510,3.58,0,0,1,7,0
"8194047","1",27.5,0,"Marketing",202210,202220,2.45,0,0,1,2,0
"8194067","1",102,1,"IS Major",202210,202510,3.75,0,0,1,7,0
"8194129","1",103,0,"BA Major",202210,202510,3.21,0,0,1,7,0
"8194253","1",139,1,"BA Major",202210,202510,3.9,0,1,0,7,1
"8194395","1",102.5,1,"Finance",202210,202510,3.15,0,0,1,7,0
"8194429","1",101,1,"IS Major",202210,202510,3.59,0,0,1,7,0
"8194432","1",93,0,"BA Major",202210,202510,3.47,0,0,0,7,0
"8194665","1",97,1,"Finance",202210,202510,3.18,0,0,1,7,0
"8194805","1",133,1,"BA Major",202210,202510,3.33,0,0,1,7,1
"8195074","1",122,0,"BA Major",202210,202510,3.57,0,0,1,7,1
"8195115","1",97,1,"Marketing",202210,202510,2.87,0,0,1,7,0
"8195153","1",144,1,"BA Major",202210,202510,3.3,0,0,1,7,0
"8195158","1",122,1,"Business Economics",202210,202510,3.58,0,0,1,7,0
"8195188","1",106,1,"BA Major",202210,202510,3.65,0,0,0,7,0
"8195281","1",89,1,"BA Major",202210,202510,2.52,0,0,0,7,0
"8195689","1",103,1,"Finance",202210,202510,3.36,0,0,1,7,0
"8195899","1",113,1,"BA Major",202210,202510,3.54,0,1,0,7,0
"8195925","1",97,1,"BA Major",202210,202510,3.4,0,1,0,7,0
"8196046","1",120,1,"BA Major",202210,202510,3.77,0,0,0,7,0
"8196411","1",113,1,"IS Major",202210,202510,3.11,0,0,0,7,0
"8196844","1",122,1,"Finance",202210,202510,3.51,0,0,1,7,0
"8196920","1",105,1,"BA Major",202210,202510,3.19,0,0,0,7,0
"8197080","1",144,1,"CAS",202210,202510,3.4,0,0,1,7,1
"8197248","1",99,1,"Cybersecurity Mgt Major",202210,202510,3.37,0,0,1,7,0
"8197334","1",118,1,"Accountancy",202210,202510,3.78,0,0,1,7,0
"8197429","1",89.5,0,"Accountancy",202210,202510,3.51,0,0,1,7,0
"8197493","1",109,1,"BA Major",202210,202510,2.08,0,0,1,7,0
"8197967","1",92,1,"Marketing",202210,202510,3.18,0,0,1,7,0
"8198301","1",90,1,"BA Major",202210,202510,3.26,0,0,1,7,0
"8198622","1",133,0,"Accountancy",202210,202510,3.39,0,0,1,7,0
"8198848","1",102,1,"BA Major",202210,202510,3.41,0,0,0,7,0
"8199244","1",110,1,"BA Major",202210,202510,3.6,0,0,1,7,0
"8199396","1",101,1,"Marketing",202210,202510,3.37,0,0,1,7,0
"8199444","1",100,1,"BA Major",202210,202510,3.05,0,0,1,7,0
"8199524","1",119,1,"BA Major",202210,202510,3.71,0,1,1,7,0
"8199879","1",80,0,"BA Major",202210,202510,2.99,0,0,0,7,0
"8199970","1",100,1,"BA Major",202210,202510,3.4,0,0,1,7,0
"8200504","1",122,1,"BA Major",202210,202510,3.58,0,0,1,7,1
"8200777","1",91,0,"BA Major",202210,202510,3.38,0,0,1,7,0
"8200937","1",89,0,"IS Major",202210,202510,2.95,0,0,1,7,0
"8201100","1",103,1,"BA Major",202210,202510,3.78,0,1,0,7,1
"8201347","1",121,1,"BA Major",202210,202510,3.84,0,1,0,7,1
"8201387","1",109,1,"Accountancy",202210,202510,3.2,0,0,0,7,1
"8201493","1",101,1,"Finance",202210,202510,3.67,0,0,0,7,0
"8201508","1",120,1,"Finance",202210,202510,3.9,0,0,1,7,1
"8201706","1",117,1,"CEC",202210,202510,3.28,0,0,1,7,0
"8201733","1",108,1,"Finance",202210,202510,3.06,0,0,1,7,0
"8201904","1",125,1,"Cybersecurity Mgt Major",202210,202510,2.29,0,0,1,7,0
"8202241","1",127,1,"BA Major",202210,202510,3.78,0,0,0,7,0
"8202349","1",109,1,"Accountancy",202210,202510,3.42,0,0,1,7,0
"8202613","1",26,0,"BA Major",202410,202510,2.22,0,0,0,3,0
"8202624","1",98,1,"Human Capital Mgmt& Leadership",202210,202510,2.15,0,0,1,7,0
"8202719","1",107,0,"Finance",202210,202510,3.88,0,0,1,7,0
"8202810","1",99,1,"Finance",202210,202510,3.26,0,0,1,7,0
"8203154","1",166,1,"CCA",202210,202510,3.83,0,0,0,7,1
"8203289","1",54,0,"BA Major",202210,202220,4,0,0,0,2,0
"8203348","1",143,1,"BA Major",202210,202510,3.99,0,1,0,7,0
"8203595","1",74,0,"Accountancy",202310,202510,3.95,0,0,1,5,0
"8203607","1",95,0,"BA Major",202210,202420,3.62,0,0,0,6,0
"8203997","1",108,1,"IS Major",202210,202510,3.14,0,0,1,7,0
"8204022","1",135,1,"CLAAS",202210,202420,3.31,0,0,1,6,0
"8204070","1",100,1,"IS Major",202210,202510,3.78,0,1,1,7,0
"8204130","1",94,1,"Finance",202210,202510,3.3,0,0,1,7,0
"8204447","1",84,1,"BA Major",202210,202510,2.6,0,0,0,7,0
"8204564","1",122,1,"BA Major",202210,202510,3.64,0,0,1,7,1
"8204796","1",121,1,"IS Major",202210,202510,3.12,0,0,1,7,0
"8204994","1",122.5,1,"Accountancy",202210,202510,3.95,0,0,0,7,0
"8205151","1",124,1,"BA Major",202210,202510,3.95,0,0,0,7,1
"8205333","1",122,1,"Accountancy",202210,202510,3.65,0,0,0,7,1
"8205394","1",102,1,"BA Major",202210,202510,3.35,0,0,1,7,0
"8205621","1",144,1,"IS Major",202210,202510,3.94,0,0,1,7,1
"8205678","1",63,0,"Human Capital Mgmt& Leadership",202210,202320,2.89,0,0,0,4,0
"8205734","1",38,0,"BA Major",202210,202220,3.11,0,0,0,2,0
"8205774","1",118,1,"IS Major",202210,202510,3.8,0,1,1,7,0
"8205784","1",103,1,"BA Major",202210,202510,3.01,0,1,1,7,0
"8206175","1",91,0,"Supply Chain & Operations Mgmt",202210,202510,2.78,0,0,1,7,0
"8206209","1",93,1,"Marketing",202210,202510,3.32,0,0,1,7,0
"8206323","1",54,0,"BA Major",202210,202320,2.32,0,0,0,4,0
"8206374","1",133,1,"Finance",202210,202510,3.76,0,0,0,7,0
"8206527","1",125,1,"Accountancy",202210,202510,3.36,0,0,1,7,1
"8206589","1",87,1,"Marketing",202210,202510,3.5,0,0,1,7,0
"8206673","1",103,1,"Finance",202210,202510,3.03,0,0,1,7,0
"8207043","1",98,1,"IS Major",202210,202510,3.01,0,0,1,7,0
"8207056","1",103,1,"Marketing",202210,202510,3.24,0,0,1,7,0
"8208062","1",101,1,"BA Major",202210,202510,3.85,0,1,0,7,0
"8208211","1",140,1,"BA Major",202210,202510,3.68,0,1,1,7,1
"8216877","1",59.5,0,"BA Major",202110,202120,3.16,0,0,1,2,0
"8216939","1",73,0,"Marketing",202410,202510,3.4,0,0,1,3,0
"8216970","1",102.5,1,"BA Major",202210,202510,2.77,0,0,1,7,0
"8217036","1",135,1,"BA Major",202210,202510,3.8,0,1,1,7,1
"8217044","1",107,1,"BA Major",202210,202510,3.29,0,1,1,7,0
"8218436","1",125,1,"Human Capital Mgmt& Leadership",202210,202420,3.81,0,0,0,6,0
"8218558","1",142,1,"IS Major",202210,202510,3.62,0,1,1,7,0
"8221753","1",135,1,"Supply Chain & Operations Mgmt",202210,202420,3.42,0,0,1,6,0
"8223835","1",131,1,"IS Major",202110,202420,3.61,0,1,1,8,0
"8224982","1",121,1,"BA Major",202110,202420,2.38,0,1,1,8,0
"8225982","1",57,0,"CCA",202210,202220,3.82,0,0,0,2,1
"8226272","1",150,1,"IS Major",202110,202420,3.69,0,1,1,8,1
"8226333","1",127,1,"BA Major",202110,202410,3.93,0,1,1,7,0
"8226483","1",178,1,"BA Major",202110,202510,3.44,0,0,1,9,0
"8226515","1",97,0,"CEC",202110,202510,3.24,0,0,1,8,0
"8226542","1",138,1,"Cybersecurity Mgt Major",202110,202420,3.63,0,0,1,8,0
"8226632","1",151,1,"BA Major",202110,202420,3.58,0,1,0,8,1
"8228733","1",144,1,"BA Major",202110,202410,0,1,1,0,7,0
"8228925","1",143,1,"BA Major",202110,202420,3.22,0,1,1,8,1
"8229824","1",174,1,"BA Major",202110,202420,3.68,0,1,1,8,1
"8229869","1",150,1,"BA Major",202110,202420,3.46,0,1,1,8,0
"8229976","1",125,1,"BA Major",202110,202420,3.96,0,1,1,8,1
"8230669","1",152,1,"Accountancy",202110,202420,3.91,0,1,0,8,1
"8230735","1",140,1,"BA Major",202110,202420,3.53,0,1,1,8,1
"8230745","1",99,0,"BA Major",202210,202510,3.8,0,0,1,7,0
"8231106","1",124,1,"BA Major",202210,202320,3.75,0,1,0,4,0
"8231117","1",126,1,"BA Major",202110,202420,3.25,0,1,1,8,0
"8231350","1",144,1,"Finance",202110,202420,3.7,0,1,1,8,0
"8231449","1",146,1,"Supply Chain & Operations Mgmt",202110,202410,0,1,0,1,7,0
"8231569","1",107,1,"Cybersecurity Mgt Major",202110,202420,3.54,0,0,1,8,0
"8231842","1",124,1,"IS Major",202110,202420,2.8,0,1,1,8,0
"8232226","1",142,1,"BA Major",202110,202420,3.43,0,1,1,8,0
"8232533","1",153.5,1,"BA Major",202110,202410,3.63,0,1,0,7,0
"8232786","1",119,1,"Cybersecurity Mgt Major",202110,202420,3.15,0,0,1,8,0
"8233278","1",145,1,"BA Major",202210,202510,4,0,0,1,7,1
"8233515","1",128.5,1,"Business Economics",202110,202420,3.24,0,0,1,8,0
"8233829","1",131,1,"BA Major",202110,202410,3.6,0,1,1,7,0
"8233844","1",140,1,"BA Major",202110,202420,3.41,0,1,1,8,0
"8233854","1",121,1,"BA Major",202110,202420,2.91,0,1,1,8,0
"8234195","1",129,1,"IS Major",202110,202420,3.03,0,1,1,8,0
"8235359","1",125,1,"IS Major",202110,202420,3.63,0,1,1,8,0
"8235522","1",124,1,"Supply Chain & Operations Mgmt",202110,202420,2.89,0,0,1,8,0
"8235554","1",124,1,"Finance",202110,202420,3.14,0,0,1,8,0
"8235697","1",126,1,"IS Major",202110,202420,2.99,0,1,1,8,0
"8235926","1",119,1,"BA Major",202110,202420,3.52,0,1,1,8,0
"8236003","1",151.25,1,"Accountancy",202110,202420,3.45,0,1,0,8,1
"8236079","1",127,1,"IS Major",202110,202410,0,1,1,1,7,0
"8236114","1",127,1,"BA Major",202110,202420,3.13,0,1,0,8,0
"8236405","1",136,1,"BA Major",202110,202420,3.5,0,1,0,8,0
"8236496","1",151,1,"BA Major",202110,202420,3.57,0,1,1,8,1
"8236572","1",151,1,"BA Major",202110,202410,3.28,0,1,1,7,1
"8237411","1",125,1,"IS Major",202110,202420,3.31,0,1,1,8,0
"8237593","1",122,1,"BA Major",202120,202510,3.88,0,1,1,8,1
"8237729","1",135,1,"BA Major",202110,202410,0,1,0,1,7,1
"8237792","1",139,1,"BA Major",202110,202410,0,1,1,1,7,0
"8237816","1",131,1,"BA Major",202110,202410,0,1,0,1,7,1
"8237939","1",146,1,"BA Major",202110,202410,0,1,0,0,7,0
"8237988","1",176,1,"BA Major",202110,202420,3.84,0,1,1,8,0
"8238330","1",150,1,"IS Major",202110,202420,3.59,0,1,1,8,1
"8238764","1",132,1,"BA Major",202110,202420,3.72,0,1,0,8,0
"8238809","1",80,0,"BA Major",202110,202220,3.64,0,0,1,4,0
"8238895","1",167,1,"BA Major",202110,202420,3.28,0,1,1,8,1
"8239036","1",139,1,"BA Major",202110,202420,3.6,0,1,1,8,0
"8239231","1",135,1,"Finance",202110,202420,3.33,0,0,1,7,0
"8239451","1",119,1,"BA Major",202110,202420,3.06,0,1,1,8,0
"8239643","1",121,1,"IS Major",202110,202410,0,1,1,0,7,0
"8240060","1",141,1,"Supply Chain & Operations Mgmt",202110,202420,3.98,0,0,1,8,0
"8240091","1",98,1,"BA Major",202210,202510,3.82,0,0,1,7,0
"8240124","1",183.5,1,"BA Major",202110,202420,3.56,0,1,0,8,1
"8240157","1",149.5,1,"IS Major",202110,202420,4,0,1,0,8,0
"8241122","1",119,1,"BA Major",202210,202510,3.92,0,1,0,7,0
"8241959","1",147,1,"Marketing",202110,202420,3.19,0,0,1,8,0
"8242001","1",148.5,1,"BA Major",202110,202420,3.42,0,1,1,8,0
"8242006","1",159,1,"Cybersecurity Mgt Major",202110,202420,3.25,0,0,1,8,0
"8242136","1",140,1,"BA Major",202110,202420,3.46,0,1,1,8,1
"8242443","1",145,1,"IS Major",202110,202420,3.27,0,1,0,8,0
"8242848","1",157,1,"BA Major",202110,202420,3.91,0,1,0,8,1
"8242896","1",158,1,"BA Major",202110,202420,3.12,0,1,1,8,1
"8243232","1",124,1,"BA Major",202110,202420,2.97,0,1,1,8,0
"8243519","1",144,1,"Accountancy",202110,202420,3.71,0,0,0,8,0
"8243561","1",152,1,"Accountancy",202110,202420,3.51,0,1,0,8,1
"8243761","1",122,1,"BA Major",202110,202410,0,1,1,0,7,0
"8243906","1",142,1,"IS Major",202110,202420,3.31,0,1,1,8,0
"8245499","1",56,0,"BA Major",202110,202220,3.65,0,0,1,4,0
"8245502","1",148,1,"BA Major",202110,202420,3.22,0,1,1,8,0
"8245801","1",127,1,"IS Major",202110,202410,3.76,0,1,1,7,0
"8246329","1",134,1,"IS Major",202110,202420,3.9,0,1,1,8,0
"8246520","1",151,1,"BA Major",202110,202320,3.36,0,1,1,6,0
"8246688","1",136,1,"CEC",202110,202420,3.68,0,0,1,8,0
"8246861","1",160,1,"IS Major",202110,202420,3.6,0,1,1,8,0
"8246891","1",132,1,"IS Major",202110,202420,3.52,0,1,1,8,0
"8246894","1",164,1,"Finance",202110,202410,3.5,0,0,0,7,0
"8246913","1",144,1,"BA Major",202110,202420,2.33,0,1,0,8,0
"8247640","1",114,1,"BA Major",202110,202410,0,1,1,0,7,0
"8248087","1",153.5,1,"BA Major",202110,202420,3.72,0,1,1,8,0
"8248246","1",124,1,"BA Major",202110,202420,2.91,0,1,1,8,0
"8248382","1",139,1,"BA Major",202110,202420,3.81,0,1,1,8,0
"8248778","1",123,1,"BA Major",202110,202410,0,1,1,1,7,0
"8249032","1",130,1,"Accountancy",202110,202410,0,1,1,0,7,1
"8249408","1",153,1,"Cybersecurity Mgt Major",202110,202420,3.55,0,0,1,8,1
"8249462","1",71,0,"BA Major",202110,202320,2.44,0,0,1,5,0
"8249700","1",136,1,"BA Major",202110,202420,2.56,0,1,1,8,0
"8250686","1",163,1,"BA Major",202110,202420,3.72,0,1,1,8,1
"8250961","1",129,1,"IS Major",202110,202420,3.7,0,1,0,8,0
"8251048","1",143,1,"BA Major",202110,202420,3.28,0,1,1,8,1
"8251072","1",161,1,"BA Major",202110,202420,3.82,0,1,1,8,1
"8251114","1",131,1,"BA Major",202110,202420,2.51,0,1,1,8,0
"8251247","1",189,1,"CEC",202110,202420,3.93,0,0,0,8,0
"8251501","1",116,1,"Cybersecurity Mgt Major",202110,202420,3.27,0,0,1,8,0
"8260919","1",155,1,"IS Major",202110,202420,3.72,0,1,1,8,1
"8260957","1",149,1,"BA Major",202110,202420,3.46,0,1,1,8,1
"8261450","1",124.5,1,"BA Major",202110,202420,3.1,0,1,1,8,0
"8262583","1",126.5,1,"IS Major",202210,202510,3.86,0,1,1,7,0
"8262661","1",109,1,"BA Major",202210,202510,3.18,0,1,1,7,0
"8263482","1",112,1,"BA Major",202210,202510,3.7,0,0,1,7,0
"8264086","1",116,1,"BA Major",202210,202510,3.89,0,0,1,7,1
"8264603","1",156,1,"BA Major",202010,202220,3.38,0,1,1,6,1
"8265341","1",133,0,"Finance",202010,202320,2.61,0,0,0,8,0
"8265510","1",154,1,"BA Major",202010,202320,3,0,1,1,8,1
"8266656","1",141,1,"BA Major",202010,202320,3.89,0,1,1,8,1
"8268360","1",118,1,"BA Major",202010,202320,3.91,0,1,1,8,0
"8269664","1",130.5,1,"IS Major",202010,202320,3.43,0,1,1,8,0
"8270244","1",119.5,1,"IS Major",202010,202320,3.32,0,1,0,8,0
"8270285","1",124,1,"IS Major",202010,202320,3.55,0,1,1,8,0
"8271899","1",136,1,"IS Major",202010,202320,3.16,0,0,1,8,0
"8272073","1",145,1,"Finance",202010,202320,3.91,0,1,1,8,1
"8272715","1",124,1,"IS Major",202010,202420,2.91,0,1,1,8,0
"8273135","1",133,1,"IS Major",202010,202320,2.5,0,1,1,8,0
"8273273","1",126,1,"BA Major",202010,202320,0,1,0,1,8,0
"8274007","1",165,1,"Accountancy",202010,202320,3.43,0,1,1,8,1
"8274526","1",145.5,1,"BA Major",202010,202320,3.7,0,1,0,8,0
"8275281","1",130,1,"IS Major",202010,202320,3.67,0,1,1,8,0
"8275768","1",119,1,"IS Major",202010,202320,0,1,1,1,8,0
"8275990","1",131,1,"BA Major",202010,202320,3.54,0,1,1,8,0
"8276788","1",148,1,"BA Major",202010,202320,3.7,0,1,1,8,1
"8276875","1",145,1,"BA Major",202010,202320,3.94,0,1,1,8,1
"8276925","1",126,1,"BA Major",202010,202320,3.76,0,1,1,8,0
"8277031","1",146,1,"BA Major",202010,202420,3.7,0,1,1,8,1
"8277355","1",151,1,"BA Major",202010,202410,3.41,0,1,1,8,0
"8277469","1",126,1,"BA Major",202010,202410,2.41,0,1,1,9,0
"8278406","1",135,1,"IS Major",202010,202320,3.61,0,1,1,8,0
"8278735","1",140,1,"BA Major",202010,202310,3.71,0,1,1,7,1
"8278739","1",117,1,"BA Major",202010,202320,3.12,0,1,1,8,1
"8279029","1",130,1,"IS Major",202010,202320,2.66,0,1,0,8,0
"8279045","1",146,1,"IS Major",202010,202320,3.98,0,1,0,8,1
"8279077","1",149,1,"BA Major",202010,202320,3.63,0,1,1,8,1
"8279285","1",153,1,"BA Major",202010,202320,3.3,0,1,1,8,0
"8279703","1",158,1,"BA Major",202010,202320,3,0,1,1,8,1
"8279722","1",134,1,"IS Major",202010,202320,2.95,0,1,0,8,0
"8280063","1",146.5,1,"BA Major",202010,202320,3.42,0,1,1,8,0
"8280089","1",160,1,"Cybersecurity Mgt Major",202010,202420,3.42,0,0,1,9,0
"8280174","1",128.5,1,"BA Major",202010,202320,3.3,0,1,1,8,0
"8280433","1",162,1,"Accountancy",202010,202320,3.78,0,1,1,8,1
"8280700","1",134,1,"BA Major",202010,202320,3.28,0,1,1,8,0
"8281275","1",165,1,"BA Major",202010,202320,3.68,0,1,1,8,1
"8281486","1",180,1,"Accountancy",202010,202320,3.94,0,1,1,8,1
"8281767","1",134,1,"BA Major",202010,202420,2.76,0,1,1,10,0
"8281982","1",126,1,"BA Major",202010,202320,3.45,0,1,1,8,0
"8282676","1",167,1,"Human Capital Mgmt& Leadership",202010,202320,3.39,0,1,0,8,1
"8282692","1",133,1,"IS Major",202010,202320,3.08,0,1,1,8,0
"8282747","1",136,1,"Finance",202010,202320,0,1,0,1,8,0
"8282974","1",124,1,"BA Major",202010,202320,3.38,0,1,1,8,0
"8283170","1",129,1,"BA Major",202010,202320,2.55,0,1,1,8,0
"8283222","1",138,1,"IS Major",202010,202320,3.74,0,1,1,8,1
"8283359","1",143,1,"BA Major",202010,202320,3.83,0,1,1,8,1
"8283387","1",153,1,"BA Major",202010,202320,0,1,1,1,8,1
"8283990","1",150,1,"CCA",202010,202320,3.84,0,1,1,8,1
"8284065","1",158,1,"Marketing",202010,202320,3.39,0,0,1,8,0
"8284203","1",135,1,"IS Major",202010,202320,2.84,0,1,1,8,0
"8284510","1",150,1,"Accountancy",202010,202320,3.95,0,1,1,8,1
"8284604","1",133,1,"BA Major",202010,202410,3.87,0,1,1,8,0
"8284681","1",161,1,"BA Major",202010,202320,3.5,0,1,1,8,0
"8285262","1",213,1,"BA Major",202010,202220,3.97,0,1,1,6,1
"8285592","1",97,0,"BA Major",202010,202320,2.54,0,1,0,8,0
"8285702","1",119,1,"Marketing",202010,202320,2.68,0,0,1,8,0
"8285798","1",124,1,"IS Major",202010,202320,3.27,0,1,1,8,0
"8286290","1",153.5,1,"BA Major",202010,202320,3.27,0,1,1,8,1
"8286362","1",152,1,"Finance",202010,202320,3.95,0,1,1,8,0
"8286386","1",151,1,"BA Major",202010,202320,3.48,0,1,1,8,1
"8286870","1",122,1,"IS Major",202010,202320,0,1,1,0,8,0
"8287137","1",149,1,"BA Major",202010,202320,3.4,0,1,1,8,1
"8287192","1",136,1,"BA Major",202010,202320,3.62,0,1,1,8,0
"8287228","1",127,1,"IS Major",202010,202320,3.36,0,1,1,8,0
"8287397","1",136,1,"BA Major",202010,202320,3.82,0,1,1,8,0
"8287451","1",129,1,"IS Major",202010,202320,3.54,0,1,0,8,0
"8287473","1",130.5,1,"BA Major",202010,202320,3.49,0,1,0,8,0
"8287518","1",149,1,"BA Major",202010,202320,3.26,0,1,1,8,1
"8287549","1",143,1,"BA Major",202010,202320,3.61,0,1,1,8,1
"8288224","1",136,1,"IS Major",202010,202320,3.07,0,1,1,8,0
"8288226","1",128,1,"BA Major",202010,202320,2.9,0,1,1,8,0
"8288383","1",149,1,"Finance",202010,202320,3.94,0,0,1,8,0
"8288701","1",186,1,"Accountancy",202010,202320,0,1,1,0,8,1
"8288743","1",127,1,"IS Major",202010,202320,3.5,0,1,1,8,0
"8288840","1",122,1,"IS Major",202010,202320,2.33,0,1,1,8,0
"8289212","1",122,1,"IS Major",202010,202320,2.91,0,1,1,8,0
"8289349","1",104,0,"*NSD",202010,202120,3.17,0,0,1,4,0
"8289532","1",165,1,"CAS",202010,202320,3.09,0,1,0,8,1
"8289645","1",184,1,"BA Major",202010,202320,3.89,0,1,1,8,1
"8289763","1",142,1,"BA Major",202010,202320,3.16,0,1,1,8,0
"8289855","1",138,1,"BA Major",202010,202320,3.45,0,1,1,8,0
"8289912","1",132,1,"IS Major",202010,202220,3.45,0,1,0,6,0
"8290156","1",120,1,"IS Major",202010,202320,3.12,0,1,0,8,0
"8290249","1",148,1,"BA Major",202010,202320,2.87,0,1,1,8,1
"8290276","1",169,1,"BA Major",202010,202320,3.97,0,1,1,8,1
"8290339","1",136,1,"Finance",202010,202320,3.55,0,0,1,8,0
"8290344","1",124.5,1,"IS Major",202010,202320,3.12,0,1,1,8,0
"8290581","1",126,1,"IS Major",202010,202320,2.68,0,1,1,8,0
"8290744","1",129,1,"IS Major",202010,202320,3.48,0,1,1,8,0
"8290855","1",132,1,"BA Major",202010,202320,3.08,0,1,1,8,0
"8291186","1",115,1,"IS Major",202010,202320,3.08,0,1,1,8,0
"8291190","1",137,1,"BA Major",202010,202320,3.59,0,1,1,8,0
"8291384","1",160,1,"Accountancy",202010,202310,3.42,0,1,0,7,1
"8291591","1",125,1,"BA Major",202010,202220,3.35,0,1,1,6,0
"8291683","1",119,1,"IS Major",202010,202320,2.64,0,1,0,8,0
"8291791","1",130,1,"IS Major",202010,202320,2.66,0,1,1,8,0
"8292025","1",125,1,"IS Major",202010,202410,2.67,0,1,1,9,0
"8292332","1",157,1,"BA Major",202010,202320,3.45,0,1,1,8,1
"8292442","1",140,1,"BA Major",202010,202320,3.82,0,1,1,8,0
"8292446","1",147,1,"BA Major",202010,202320,3.62,0,1,1,8,0
"8293283","1",121,1,"IS Major",202010,202220,0,1,1,1,6,0
"8293553","1",143,1,"BA Major",202010,202320,3.79,0,1,1,8,1
"8293617","1",140,1,"BA Major",202010,202320,3.47,0,1,1,8,1
"8293789","1",147.5,1,"CEC",202010,202320,3.27,0,0,0,8,0
"8293990","1",125,1,"BA Major",202010,202320,0,1,1,1,8,0
"8294257","1",125,1,"BA Major",202010,202320,3.46,0,1,0,8,0
"8294324","1",127,1,"IS Major",202010,202310,3.86,0,1,0,7,0
"8294329","1",123,1,"BA Major",202010,202320,2.89,0,1,1,8,0
"8294533","1",154,1,"BA Major",202010,202320,3.87,0,1,1,8,1
"8294574","1",127,1,"IS Major",202010,202320,3.46,0,1,1,8,0
"8294677","1",124,1,"Finance",202010,202220,3.78,0,0,0,6,0
"8294785","1",183.5,1,"BA Major",202010,202320,3.61,0,1,1,8,1
"8294890","1",66,0,"IS Major",202010,202120,2.85,0,0,1,4,0
"8295097","1",141,1,"BA Major",202010,202320,3.69,0,0,1,8,1
"8295277","1",132,1,"IS Major",202010,202320,3.18,0,1,1,8,0
"8295458","1",70,0,"BA Major",202010,202120,3.8,0,0,1,4,1
"8295511","1",139,1,"IS Major",202010,202320,3.78,0,1,0,8,0
"8295572","1",168,1,"BA Major",202010,202320,3.85,0,1,1,8,0
"8295624","1",131,1,"BA Major",202010,202310,3.98,0,1,0,7,0
"8296019","1",119,1,"BA Major",202010,202320,3.16,0,1,1,8,0
"8296091","1",132,1,"BA Major",202010,202320,3.03,0,1,0,8,0
"8304284","1",125,1,"BA Major",202010,202320,3.59,0,1,1,8,0
"8304959","1",142,1,"Finance",202210,202510,3.91,0,0,1,7,0
"8305176","1",151,1,"BA Major",202010,202420,2.86,0,1,1,10,0
"8305468","1",139,1,"BA Major",202010,202220,3.95,0,1,1,6,0
"8305795","1",184.5,1,"BA Major",202110,202420,3.98,0,1,1,8,1
"8308960","1",152,1,"Accountancy",202110,202420,3.79,0,1,0,8,1
"8309047","1",134,1,"BA Major",201910,202220,3.9,0,1,1,8,0
"8309076","1",160,1,"Finance",201910,202220,3.04,0,1,1,8,1
"8309126","1",162,1,"BA Major",201910,202310,3.11,0,1,1,9,1
"8311146","1",167.5,1,"BA Major",201910,202220,3.55,0,1,1,8,0
"8311225","1",121.5,1,"IS Major",201910,202220,3.85,0,1,1,8,0
"8311871","1",142,1,"BA Major",201910,202220,3.54,0,1,1,8,0
"8313151","1",135,1,"BA Major",201910,202220,3.04,0,1,1,8,1
"8313455","1",135,1,"Finance",201910,202220,3.88,0,0,0,8,0
"8314453","1",145,1,"BA Major",201910,202220,3.88,0,1,1,8,1
"8314754","1",146.5,1,"BA Major",201910,202220,3.92,0,1,1,8,1
"8315620","1",125,1,"BA Major",201910,202310,2.36,0,1,1,9,0
"8316012","1",134,1,"IS Major",201910,202220,3.48,0,1,1,7,0
"8317382","1",136,1,"Cybersecurity Mgt Major",201910,202320,3.6,0,1,1,8,0
"8317414","1",147,1,"BA Major",201910,202310,2.58,0,1,1,9,1
"8317791","1",133,1,"IS Major",201910,202220,3.33,0,1,1,8,0
"8318030","1",179,1,"BA Major",201910,202220,3.99,0,1,1,8,1
"8318744","1",152,1,"BA Major",201910,202220,3.46,0,1,1,8,1
"8318800","1",123,1,"IS Major",201910,202220,3.4,0,1,1,8,0
"8319115","1",142,1,"Business Economics",201910,202220,0,1,0,0,8,0
"8319253","1",127,1,"IS Major",201910,202220,3.66,0,1,1,8,0
"8319933","1",146.5,1,"BA Major",201910,202220,3.59,0,1,1,8,0
"8320580","1",133,1,"IS Major",201910,202220,2.92,0,1,1,7,0
"8320803","1",148,1,"Accountancy",201910,202220,0,1,1,0,8,1
"8321660","1",141,1,"BA Major",201910,202220,3.07,0,1,1,8,0
"8321894","1",119.5,1,"CCA",201910,202220,3.23,0,1,1,8,0
"8323169","1",143,1,"IS Major",202110,202320,3.35,0,1,0,6,0
"8323387","1",124,1,"BA Major",201910,202220,3.7,0,1,1,8,0
"8323830","1",127,1,"BA Major",201910,202220,2.96,0,1,1,8,0
"8324656","1",150,1,"Marketing",201910,202220,2.5,0,0,1,8,0
"8324729","1",131,1,"IS Major",201910,202220,3.12,0,1,1,8,0
"8325028","1",152,1,"CEC",201910,202220,2.93,0,0,0,8,0
"8325151","1",165,1,"BA Major",201910,202320,3.48,0,1,1,10,0
"8325515","1",116,1,"BA Major",201910,202220,0,1,1,0,8,0
"8325776","1",117,1,"IS Major",201910,202220,3.51,0,1,0,8,0
"8326128","1",170,1,"CAS",201910,202310,3.84,0,0,1,9,0
"8326382","1",159,1,"BA Major",201910,202220,3.92,0,1,1,8,1
"8327017","1",128,1,"BA Major",201910,202220,3.7,0,1,1,8,0
"8327105","1",133,1,"Finance",201910,202220,3.59,0,0,0,8,0
"8327627","1",146,1,"Supply Chain & Operations Mgmt",201910,202220,2.9,0,0,1,8,0
"8327670","1",130,1,"IS Major",201910,202220,3.39,0,1,1,8,0
"8328843","1",125,1,"BA Major",201910,202220,3.5,0,1,1,8,0
"8328875","1",145,1,"BA Major",201910,202220,3.87,0,1,0,8,0
"8329214","1",145,1,"BA Major",201910,202220,3.12,0,1,0,8,0
"8329475","1",135,1,"IS Major",201910,202120,3.73,0,1,1,6,0
"8329631","1",174,1,"BA Major",201910,202220,3.73,0,1,1,8,0
"8329675","1",124,1,"IS Major",201910,202220,3.61,0,1,0,8,0
"8330104","1",144.5,1,"BA Major",201910,202220,3.8,0,1,1,8,0
"8330331","1",143,1,"IS Major",201910,202220,2.95,0,1,1,8,0
"8330667","1",160,1,"BA Major",201910,202220,4,0,1,0,8,1
"8331244","1",130,1,"IS Major",201910,202220,3.68,0,1,1,7,0
"8331618","1",138,1,"IS Major",201910,202220,3.78,0,1,1,8,0
"8331743","1",131,1,"IS Major",201910,202220,3.93,0,1,1,8,0
"8332131","1",125,1,"Business Economics",201910,202220,0,1,0,0,8,0
"8332243","1",127,1,"BA Major",201910,202220,3.11,0,1,1,8,0
"8332399","1",168,1,"Marketing",201910,202210,3.94,0,0,1,7,0
"8332566","1",148,1,"Accountancy",201910,202220,0,1,0,0,8,1
"8332809","1",161,1,"BA Major",201910,202220,3.62,0,1,1,8,1
"8332899","1",132,1,"BA Major",201910,202220,3.39,0,1,0,8,0
"8332921","1",151,1,"Accountancy",201910,202310,3.35,0,1,0,9,1
"8333235","1",124,1,"IS Major",201910,202220,3.76,0,1,1,8,0
"8333381","1",134,1,"IS Major",201910,202220,3.67,0,1,1,8,0
"8333444","1",136,1,"IS Major",201910,202220,3.5,0,1,1,8,0
"8333453","1",137,1,"BA Major",201910,202220,3.42,0,1,1,8,0
"8333498","1",145,1,"IS Major",201910,202220,3.58,0,1,1,8,1
"8333646","1",150,1,"Accountancy",201910,202220,3.06,0,0,1,8,0
"8334152","1",145,1,"IS Major",201910,202220,3.27,0,1,0,8,0
"8334506","1",127,1,"IS Major",201910,202220,3.45,0,1,0,8,0
"8334557","1",128,1,"Finance",201910,202220,0,1,0,1,8,0
"8334898","1",202,1,"IS Major",201910,202220,2.86,0,1,0,8,0
"8335099","1",152,1,"Entrepreneurship",201910,202220,3.55,0,1,1,8,1
"8335143","1",179,1,"BA Major",201910,202120,3.74,0,1,0,6,1
"8336051","1",138,1,"IS Major",201910,202220,3.85,0,1,1,8,0
"8336139","1",146,1,"Finance",201910,202220,3.38,0,1,0,8,1
"8336578","1",129,1,"IS Major",201910,202220,2.94,0,1,1,8,0
"8336655","1",119,1,"IS Major",201910,202220,3.14,0,1,1,8,0
"8336766","1",145,1,"Accountancy",201910,202220,3.94,0,1,1,8,1
"8336795","1",119,1,"IS Major",201910,202220,3.16,0,1,1,8,0
"8338269","1",139,1,"BA Major",201910,202220,3.79,0,1,1,8,0
"8338465","1",141.5,1,"IS Major",201910,202220,3.45,0,1,1,8,0
"8338485","1",124,1,"BA Major",201910,202220,2.47,0,1,1,8,0
"8338893","1",148,1,"BA Major",201910,202220,3.5,0,1,1,8,1
"8339022","1",193,1,"BA Major",201910,202320,3.36,0,1,1,10,1
"8339335","1",128,1,"BA Major",201910,202220,3.83,0,1,1,8,0
"8339550","1",124,1,"BA Major",201910,202220,0,1,1,1,8,0
"8339919","1",138,1,"BA Major",201910,202220,3.27,0,1,1,8,0
"8340310","1",148,1,"BA Major",201910,202220,3.14,0,1,1,8,1
"8340355","1",133,1,"Accountancy",201910,202120,3.26,0,0,0,6,0
"8340511","1",135,1,"BA Major",201910,202220,0,1,1,1,8,0
"8340526","1",167,1,"Accountancy",201910,202220,0,1,1,0,8,1
"8341263","1",77,0,"*NSD",201910,202020,3.33,0,0,1,4,0
"8341458","1",125,1,"IS Major",201910,202220,3.3,0,1,1,8,0
"8342493","1",167,1,"BA Major",201910,202220,3.64,0,1,1,8,0
"8350002","1",139,1,"BA Major",201810,202110,3.45,0,0,1,7,1
"8350888","1",146,1,"BA Major",201910,202310,2.69,0,1,1,9,0
"8351487","1",135,1,"Marketing",201910,202220,3.54,0,0,1,8,0
"8351630","1",156,1,"BA Major",201910,202220,3.36,0,1,1,8,1
"8354482","1",134,1,"BA Major",201810,202120,3.65,0,1,1,8,1
"8354519","1",131,1,"IS Major",201810,202120,0,1,1,1,8,0
"8355890","1",130.5,1,"BA Major",201810,202120,3.55,0,1,1,8,0
"8357001","1",146,1,"IS Major",201810,202220,3.32,0,1,1,10,0
"8358602","1",130,1,"BA Major",201810,202120,3.74,0,1,1,8,1
"8359278","1",126,1,"BA Major",201810,202120,3.13,0,1,1,7,0
"8359870","1",138,1,"Accountancy",201810,202020,3.28,0,1,0,6,1
"8362430","1",82,0,"BA Major",201810,201920,3.75,0,0,1,4,0
"8364032","1",155.5,1,"Accountancy",201810,202120,3.43,0,0,1,8,0
"8364375","1",132,1,"Finance",201810,202120,3.14,0,0,0,8,0
"8365108","1",123,1,"BA Major",201810,202120,3.59,0,1,1,8,0
"8365162","1",124,1,"IS Major",201810,202120,3.54,0,1,1,8,0
"8365422","1",127,1,"BA Major",201810,202120,0,1,1,1,8,0
"8365711","1",137,1,"Marketing",201810,202120,3.66,0,0,1,8,0
"8366174","1",144,1,"CAS",201810,202120,3.78,0,1,1,8,0
"8366385","1",146,1,"BA Major",201810,202120,3.55,0,1,1,8,1
"8366918","1",142,1,"IS Major",201810,202120,3.07,0,1,1,8,1
"8367035","1",151,1,"BA Major",201810,202120,3.65,0,0,0,8,0
"8367545","1",144,1,"Business Economics",201810,202120,3.79,0,0,0,8,0
"8367894","1",162,1,"BA Major",201810,202120,3.99,0,1,1,8,1
"8367944","1",120,1,"BA Major",201810,202120,3.34,0,1,1,8,0
"8367955","1",149,1,"BA Major",201810,202120,3.26,0,1,1,8,0
"8368057","1",161,1,"Accountancy",201810,202120,3.85,0,1,0,8,1
"8368109","1",139.5,1,"BA Major",201810,202120,3.58,0,1,1,8,1
"8368121","1",150,1,"BA Major",201810,202110,3.83,0,1,1,7,0
"8368719","1",154,1,"BA Major",201810,202110,3.53,0,1,1,7,1
"8368925","1",129,1,"IS Major",201810,202110,3.73,0,0,1,7,0
"8369044","1",137,1,"BA Major",201810,202310,2.26,0,1,1,10,0
"8369067","1",125,1,"BA Major",201810,202120,2.57,0,1,0,8,0
"8369263","1",135,1,"IS Major",201810,202120,3.53,0,1,1,8,0
"8369564","1",151.5,1,"BA Major",201810,202120,3.52,0,1,1,8,1
"8369816","1",169,1,"Business Economics",201810,202120,3.51,0,1,1,8,1
"8370335","1",152,1,"Accountancy",201810,202120,3.87,0,1,0,8,1
"8370460","1",121,1,"CAS",201810,202120,2.53,0,0,1,8,0
"8370493","1",127,1,"Finance",201810,202120,3.32,0,0,1,7,0
"8371019","1",124.5,1,"IS Major",201810,202120,3.6,0,1,1,8,0
"8371569","1",126,1,"BA Major",201810,202120,3.24,0,1,1,8,0
"8371719","1",150,1,"Finance",201810,202120,3.24,0,0,0,8,0
"8371741","1",121,1,"BA Major",201810,202120,2.59,0,1,1,8,0
"8372215","1",131,1,"BA Major",201810,202120,3.53,0,0,1,8,1
"8372318","1",187.5,1,"BA Major",201810,202120,3.59,0,1,1,8,1
"8372669","1",162,1,"BA Major",201810,202120,3.86,0,1,1,8,1
"8372734","1",132.5,1,"IS Major",201810,202120,2.96,0,1,0,8,0
"8372868","1",160.5,1,"Entrepreneurship",201810,202120,3.82,0,1,1,8,1
"8372995","1",136,1,"BA Major",201810,202120,3.15,0,1,1,8,1
"8373123","1",148,1,"IS Major",201810,202120,3.69,0,1,1,8,1
"8373328","1",171,0,"BA Major",201810,202120,3.37,0,1,1,8,1
"8373418","1",149,1,"BA Major",201810,202120,3.52,0,1,1,8,0
"8373628","1",152,1,"Supply Chain & Operations Mgmt",201810,202120,3.47,0,0,1,8,0
"8373893","1",150,1,"IS Major",201810,202120,3.77,0,1,1,8,0
"8373905","1",138.5,1,"IS Major",201810,202120,2.31,0,1,1,8,0
"8374059","1",128,1,"IS Major",201810,202110,3.61,0,1,1,7,0
"8375640","1",134,1,"Accountancy",201910,202220,0,1,1,0,7,1
"8376010","1",143,1,"BA Major",201810,202120,3.33,0,0,1,8,0
"8376089","1",135,1,"BA Major",201810,202120,3.55,0,0,1,8,0
"8377224","1",135,1,"IS Major",201810,202120,3.49,0,1,1,8,0
"8377320","1",120,1,"Supply Chain & Operations Mgmt",201810,202120,3.53,0,0,1,8,0
"8377378","1",131,1,"IS Major",201810,202120,3.52,0,1,1,8,0
"8377418","1",160,1,"BA Major",201810,202120,0,1,1,1,8,1
"8377632","1",151,1,"Accountancy",201810,202120,3.55,0,0,1,8,1
"8377653","1",149,1,"BA Major",201810,202120,3.1,0,1,0,8,1
"8378080","1",152,1,"IS Major",201810,202120,3.5,0,1,1,8,1
"8378332","1",144,1,"Finance",201810,202120,3.95,0,1,0,8,0
"8378360","1",136,1,"IS Major",201810,202120,3.29,0,1,1,8,0
"8379005","1",157,1,"Accountancy",201810,202120,3.6,0,1,1,8,1
"8379300","1",145,1,"IS Major",201810,202120,3.05,0,1,0,8,0
"8379553","1",153,1,"BA Major",201810,202120,3.71,0,1,1,8,1
"8379931","1",133,1,"Accountancy",201810,202120,3.1,0,0,1,8,0
"8379976","1",138,1,"IS Major",201810,202120,2.62,0,1,0,8,0
"8380034","1",125,1,"Finance",201810,202120,3.24,0,0,1,8,0
"8380912","1",136,1,"Accountancy",201810,202120,0,1,0,0,8,1
"8381137","1",156,1,"BA Major",201810,202120,3.54,0,1,1,8,1
"8381513","1",130,1,"BA Major",201810,202120,2.61,0,1,1,8,0
"8381924","1",125,1,"BA Major",201810,202120,3.38,0,1,1,8,0
"8382026","1",153,1,"Marketing",201810,202120,3.47,0,0,0,8,0
"8382476","1",130,1,"IS Major",201810,202120,0,1,1,1,8,0
"8382573","1",184,1,"CCA",201810,202120,3.82,0,0,1,8,0
"8382893","1",119,1,"BA Major",201810,202120,3.27,0,1,1,8,0
"8383258","1",151,1,"BA Major",201810,202120,3.36,0,1,1,8,1
"8383490","1",124,1,"BA Major",201810,202120,3.55,0,1,1,8,1
"8383536","1",174,1,"IS Major",201810,202220,2.93,0,1,1,10,0
"8383906","1",155,1,"Accountancy",201810,202210,3.8,0,0,0,9,1
"8384327","1",124,1,"IS Major",201810,202120,3.81,0,1,1,8,0
"8384345","1",162,1,"BA Major",201810,202120,3.86,0,1,0,8,0
"8384407","1",154.5,1,"Accountancy",201810,202120,3.74,0,0,0,8,1
"8384480","1",123,1,"IS Major",201810,202120,3.37,0,1,0,8,0
"8384659","1",136,1,"BA Major",201810,202210,2.88,0,1,1,9,0
"8385193","1",141,1,"BA Major",201810,202120,3.29,0,1,1,8,1
"8385483","1",144.5,1,"BA Major",201810,202120,3.65,0,1,1,8,0
"8385582","1",142,1,"IS Major",201810,202120,3.55,0,1,1,8,1
"8385730","1",164.5,1,"BA Major",201810,202120,3.92,0,1,1,8,1
"8385894","1",124,1,"IS Major",201810,202120,3.15,0,1,1,8,0
"8386138","1",177,1,"CAS",201810,202120,3.85,0,1,1,8,1
"8386140","1",149,1,"IS Major",201810,202120,3.55,0,1,1,8,0
"8386377","1",128,1,"BA Major",201810,202210,2.42,0,1,1,9,0
"8386564","1",134,1,"IS Major",201810,202120,3.51,0,1,1,8,0
"8387041","1",143,1,"IS Major",201810,202120,3.56,0,1,1,8,0
"8387094","1",132,1,"IS Major",201810,202120,3.23,0,1,1,8,0
"8387197","1",152,1,"Accountancy",201810,202120,3.55,0,1,0,8,1
"8387363","1",121,1,"IS Major",201810,202120,3.59,0,1,1,8,0
"8388086","1",119,1,"Finance",201810,202120,3.87,0,0,1,8,0
"8388254","1",133,1,"BA Major",201810,202120,3.6,0,1,1,8,0
"8388320","1",74,0,"BA Major",201810,201920,2.59,0,0,1,4,0
"8389050","1",148,1,"IS Major",201810,202120,3.02,0,1,1,8,0
"8389082","1",167,1,"Finance",201810,202120,3.76,0,1,0,8,1
"8389212","1",145,1,"IS Major",201810,202120,3.24,0,1,1,8,0
"8389477","1",134,1,"IS Major",201810,202120,3.73,0,1,1,8,0
"8397628","1",151.5,1,"BA Major",201810,202120,3.12,0,1,1,8,0
"8398087","1",137,1,"IS Major",201810,202120,3.32,0,1,1,8,0
"8398101","1",144,1,"BA Major",201810,202120,3.53,0,1,1,8,1
"8398122","1",155,1,"BA Major",201810,202120,3.91,0,0,1,8,1
"8398165","1",155,1,"Accountancy",201810,202120,0,1,1,0,8,1
"8398216","1",138,1,"BA Major",201810,202120,3.18,0,0,1,8,0
"8398224","1",124.5,1,"BA Major",201910,202220,0,1,1,0,8,0
"8398240","1",124,1,"BA Major",201810,202110,3.68,0,1,1,7,1
"8398291","1",150,1,"Accountancy",201810,202120,3.62,0,1,1,8,1
"8398303","1",126,1,"BA Major",201910,202220,3.12,0,1,1,8,0
"8398329","1",146.5,1,"IS Major",201810,202120,3.95,0,1,1,8,0
"8398361","1",129,1,"BA Major",201810,202120,3.1,0,1,1,8,0
"8398381","1",157,1,"Accountancy",201810,202120,3.45,0,0,0,8,1
"8398877","1",164,1,"Business Economics",201910,202220,3.31,0,0,1,8,1
"8401257","1",145,1,"BA Major",201810,202120,0,1,1,1,8,1
"8425267","1",129,1,"IS Major",201810,202120,3.34,0,1,1,8,0
"8429284","1",151.5,1,"BA Major",201810,202020,3.2,0,0,1,6,1
"8458965","1",152,1,"Accountancy",201610,201920,0,1,1,0,8,1
"8476995","1",136,1,"Accountancy",201610,201920,3.61,0,1,0,8,1
"8521298","1",163,1,"Accountancy",201510,201820,0,1,1,1,8,1
"8521862","1",166,1,"Accountancy",201510,201820,0,1,1,1,8,1
"9885956","1",6,1,"IS Major",202210,202210,2.45,0,0,0,1,0
"and","Cohort Semester Name is equal to / is in Fall",NA,0,NA,NA,NA,0,1,0,0,0,0
"and","Case When Majors and Concentrations.""Major""= 'Business Analytics' And Concentrations and Thematic Sequences.""Concentration"" = 'Basic Program (no submajor)' Then 'BA Major' When Majors and Concentrations.""Major"" = 'Analytics' And Concentrations and... is equal to / is in BA Major",NA,0,NA,NA,NA,0,1,0,0,0,0
"and","Case When Majors and Concentrations.""Major""= 'Business Analytics' And Concentrations and Thematic Sequences.""Concentration"" = 'Basic Program (no submajor)' Then 'BA Major' When Majors and Concentrations.""Major"" = 'Analytics' And Concentrations and... is equal to / is in IS Major",NA,0,NA,NA,NA,0,1,0,0,0,0
"Grand Total","834",NA,0,NA,NA,NA,0,1,0,0,0,0
"Grand Total","237",NA,0,NA,NA,NA,0,1,0,0,0,0
NA,NA,0,0,NA,NA,NA,0,1,0,0,0,0
NA,"Cohort Academic Year Number is greater than or equal to 2018",0,0,NA,NA,NA,0,1,0,0,0,0
